Data Source,World Development Indicators,,,,,,,,,,
Last Updated Date,6/28/2024,,,,,,,,,,
,,,,,,,,,,,
Country Name,Country Code,Indicator Name,Indicator Code,2016,2017,2018,2019,2020,2021,2022,2023
Aruba,ABW,Total fisheries production (metric tons),ER.FSH.PROD.MT,150,149.5,150,164.5,161.5,166.5,173.5,
Africa Eastern and Southern,AFE,Total fisheries production (metric tons),ER.FSH.PROD.MT,3792847.88,3897511.9,3883753.45,3821770.86,3805060.99,4097350.48,3725334.12,
Afghanistan,AFG,Total fisheries production (metric tons),ER.FSH.PROD.MT,8050,9000,10000,10729,11444,12907,13150,
Africa Western and Central,AFW,Total fisheries production (metric tons),ER.FSH.PROD.MT,3243503.98,3706566.44,3642143.61,3667626.7,3523165.88,3701624.19,3894655.4,
Angola,AGO,Total fisheries production (metric tons),ER.FSH.PROD.MT,487145,532914,444858,401696,376515,531522,471672,
Albania,ALB,Total fisheries production (metric tons),ER.FSH.PROD.MT,12612.09,12993.2,14906.3,15011.5,16711.16,18282.5,17551.5,
Andorra,AND,Total fisheries production (metric tons),ER.FSH.PROD.MT,,,,,,,,
Arab World,ARB,Total fisheries production (metric tons),ER.FSH.PROD.MT,4216636.79,4300806.83,4701188.86,4905436.74,4979224.23,5205588.83,5216473.19,
United Arab Emirates,ARE,Total fisheries production (metric tons),ER.FSH.PROD.MT,75971.9,78542,78845,75357,74435.78,70606.94,69034.96,
Argentina,ARG,Total fisheries production (metric tons),ER.FSH.PROD.MT,758899.48,838628.76,838592.31,828687.19,839673.99,856252.8,853774.74,
Armenia,ARM,Total fisheries production (metric tons),ER.FSH.PROD.MT,20139,17054,17369,18270,19100.01,19700,25000,
American Samoa,ASM,Total fisheries production (metric tons),ER.FSH.PROD.MT,2272.27,2337.88,2048.42,1454.78,886.17,1210.02,1329.13,
Antigua and Barbuda,ATG,Total fisheries production (metric tons),ER.FSH.PROD.MT,3185,3185,3185,3185,3135,3225,3250,
Australia,AUS,Total fisheries production (metric tons),ER.FSH.PROD.MT,264180.41,249987.44,267244.82,257007.49,279170.58,289687.29,290289.75,
Austria,AUT,Total fisheries production (metric tons),ER.FSH.PROD.MT,3833.4,4211.9,4341.6,4605.04,4891.91,5270.39,5068.72,
Azerbaijan,AZE,Total fisheries production (metric tons),ER.FSH.PROD.MT,1375,1660,2092,1708.4,2622,1971,2256,
Burundi,BDI,Total fisheries production (metric tons),ER.FSH.PROD.MT,22185,19439,20755,20867,20079,20090,20475,
Belgium,BEL,Total fisheries production (metric tons),ER.FSH.PROD.MT,27014,24724,23116,21436,20162.8,18160,18953,
Benin,BEN,Total fisheries production (metric tons),ER.FSH.PROD.MT,54133,52852.66,60223.14,79377.35,77101.91,78765,80655,
Burkina Faso,BFA,Total fisheries production (metric tons),ER.FSH.PROD.MT,22106,25625,27752,28403,29805,30609,30938,
Bangladesh,BGD,Total fisheries production (metric tons),ER.FSH.PROD.MT,3878324,4134436,4276641,4384219,4503371,4621228.04,4758731,
Bulgaria,BGR,Total fisheries production (metric tons),ER.FSH.PROD.MT,24431.98,24127.79,24512.9,26830.44,21347.59,24182.89,15105.16,
Bahrain,BHR,Total fisheries production (metric tons),ER.FSH.PROD.MT,17314.21,18520.95,21092.05,18315.97,17248,17051.02,19892.55,
"Bahamas, The",BHS,Total fisheries production (metric tons),ER.FSH.PROD.MT,11634,11485.94,11005.53,10151.91,7439.16,8705.85,9346.22,
Bosnia and Herzegovina,BIH,Total fisheries production (metric tons),ER.FSH.PROD.MT,4908.6,4105.4,3983.8,4302.4,4120.8,4163.6,4264.9,
Belarus,BLR,Total fisheries production (metric tons),ER.FSH.PROD.MT,11887.3,11126.8,12381.3,10252.7,10205.38,9116.13,7520.4,
Belize,BLZ,Total fisheries production (metric tons),ER.FSH.PROD.MT,92575.52,121924.06,217532.04,214565.32,187468.89,192113.13,205894.24,
Bermuda,BMU,Total fisheries production (metric tons),ER.FSH.PROD.MT,,,,,,,,
Bolivia,BOL,Total fisheries production (metric tons),ER.FSH.PROD.MT,10430,10680,11150,11725,11220,11453,,
Brazil,BRA,Total fisheries production (metric tons),ER.FSH.PROD.MT,1269588.96,1297727.44,1307036.09,1334878.88,1361646.13,1419484.76,1497393,
Barbados,BRB,Total fisheries production (metric tons),ER.FSH.PROD.MT,1760.98,1765.04,1757.46,900.24,1059.25,867.07,857.04,
Brunei Darussalam,BRN,Total fisheries production (metric tons),ER.FSH.PROD.MT,14239.63,13496,14811.99,14623.57,16591.07,20062.92,21080,
Bhutan,BTN,Total fisheries production (metric tons),ER.FSH.PROD.MT,197,238,223.62,209.77,181.5,194.1,199.88,
Botswana,BWA,Total fisheries production (metric tons),ER.FSH.PROD.MT,53,58,63,73,179,201,209,
Central African Republic,CAF,Total fisheries production (metric tons),ER.FSH.PROD.MT,29195,29190,29204,29204,27704,28210,29215,
Canada,CAN,Total fisheries production (metric tons),ER.FSH.PROD.MT,1087523.97,1045716.16,1045463.69,1040635.66,935145.97,944369.17,870639.83,
Central Europe and the Baltics,CEB,Total fisheries production (metric tons),ER.FSH.PROD.MT,751686.06,707320.53,699930,711868.27,679416.39,667846.97,649552.9,
Switzerland,CHE,Total fisheries production (metric tons),ER.FSH.PROD.MT,3584,3665,3396,3740.44,3844.03,3849.93,3985.93,
Channel Islands,CHI,Total fisheries production (metric tons),ER.FSH.PROD.MT,4484.65,4108.2,4669.6,4428.2,3180.72,3332.51,3480,
Chile,CHL,Total fisheries production (metric tons),ER.FSH.PROD.MT,2876719.41,3554763.22,3658914.81,3787588.99,3688721.13,3834716.59,4214240.49,
China,CHN,Total fisheries production (metric tons),ER.FSH.PROD.MT,78337639.43,79935166.11,80966168.45,82593752.45,83929521.5,85948133.98,88567716.02,
Cote d'Ivoire,CIV,Total fisheries production (metric tons),ER.FSH.PROD.MT,108944.32,99748.74,113787.03,115014.87,80009.14,109992.91,106143.34,
Cameroon,CMR,Total fisheries production (metric tons),ER.FSH.PROD.MT,235505,270592,287453,303861.82,290138,300138,309153,
"Congo, Dem. Rep.",COD,Total fisheries production (metric tons),ER.FSH.PROD.MT,240598,241580,241880,242290,222440,233860,,
"Congo, Rep.",COG,Total fisheries production (metric tons),ER.FSH.PROD.MT,87477,95727,99374,71080.84,71537.35,70330,65110.79,
Colombia,COL,Total fisheries production (metric tons),ER.FSH.PROD.MT,176066,206746.5,214337.22,283097.95,271273.45,322551.18,312511.99,
Comoros,COM,Total fisheries production (metric tons),ER.FSH.PROD.MT,,,,,,,,
Cabo Verde,CPV,Total fisheries production (metric tons),ER.FSH.PROD.MT,27938.73,18617,26593.23,17195.32,19507.25,11651.87,7793.94,
Costa Rica,CRI,Total fisheries production (metric tons),ER.FSH.PROD.MT,33988.61,33622.83,36377.57,39814.97,42948.32,46907.39,50441.11,
Caribbean small states,CSS,Total fisheries production (metric tons),ER.FSH.PROD.MT,320518.33,387552.31,353483.21,334742.29,302504.19,304080.65,321345.44,
Cuba,CUB,Total fisheries production (metric tons),ER.FSH.PROD.MT,52759,52758,51249,45468.3,46096.2,40717.4,29923.9,
Curacao,CUW,Total fisheries production (metric tons),ER.FSH.PROD.MT,35534.66,32626.13,37911.03,29213.84,23051.82,25027.24,8826.8,
Cayman Islands,CYM,Total fisheries production (metric tons),ER.FSH.PROD.MT,135,135,135,204,207,210,213,
Cyprus,CYP,Total fisheries production (metric tons),ER.FSH.PROD.MT,8118.86,9031.11,8837.05,9638.34,8669.87,9263.59,8894.92,
Czechia,CZE,Total fisheries production (metric tons),ER.FSH.PROD.MT,24459,25242,25401,24707,24130,24305,22640,
Germany,DEU,Total fisheries production (metric tons),ER.FSH.PROD.MT,312986,284216,313409,265150.8,244352.57,220301.27,206266,
Djibouti,DJI,Total fisheries production (metric tons),ER.FSH.PROD.MT,,,,,,,,
Dominica,DMA,Total fisheries production (metric tons),ER.FSH.PROD.MT,815,784,762,860.4,527.1,289.47,292.5,
Denmark,DNK,Total fisheries production (metric tons),ER.FSH.PROD.MT,706560,941987,825635,678639.49,775529.39,507002.33,496114.2,
Dominican Republic,DOM,Total fisheries production (metric tons),ER.FSH.PROD.MT,16735.68,18363.54,16929.42,19231.01,17494.13,21416.88,21760,
Algeria,DZA,Total fisheries production (metric tons),ER.FSH.PROD.MT,101964.45,108342.63,120166.41,105388.57,76954.71,83979.29,85998,
East Asia & Pacific (excluding high income),EAP,Total fisheries production (metric tons),ER.FSH.PROD.MT,122028131.91,124549634.3,126161759.1,127757552.75,128615528.29,129849873.74,132464361.14,
Early-demographic dividend,EAR,Total fisheries production (metric tons),ER.FSH.PROD.MT,61275702.07,63752502.68,68391330.78,66795438.59,66924724.25,68914735.2,68318781.57,
East Asia & Pacific,EAS,Total fisheries production (metric tons),ER.FSH.PROD.MT,131607842.23,134536316.89,136298377.13,137804179.03,138496058.31,139808586.24,138230416.14,
Europe & Central Asia (excluding high income),ECA,Total fisheries production (metric tons),ER.FSH.PROD.MT,5907228.89,6185561.48,6507837.25,6722169.83,6769710,6919749.04,6789560.56,
Europe & Central Asia,ECS,Total fisheries production (metric tons),ER.FSH.PROD.MT,17741353.7,19058974.14,19299255.14,18690121.12,18611359.8,18755161.37,18002738.75,
Ecuador,ECU,Total fisheries production (metric tons),ER.FSH.PROD.MT,1160576.3,1108129,1179204,1304010.22,1410927.23,1767241.89,1811374.27,
"Egypt, Arab Rep.",EGY,Total fisheries production (metric tons),ER.FSH.PROD.MT,1706274.33,1777824.17,1967517,2038992.34,2010580,2001959.4,1992627,
Euro area,EMU,Total fisheries production (metric tons),ER.FSH.PROD.MT,4398799.77,4522080.75,4459823.01,4141186,3788300.58,3856092.32,3815972.95,
Eritrea,ERI,Total fisheries production (metric tons),ER.FSH.PROD.MT,3309.13,3932.59,5651.24,5444.4,3744,1493.16,1594.54,
Spain,ESP,Total fisheries production (metric tons),ER.FSH.PROD.MT,1201985.88,1266209.09,1287623.92,1193951.31,1074907.26,1083032.77,1085165.22,
Estonia,EST,Total fisheries production (metric tons),ER.FSH.PROD.MT,76523.73,83690.46,87994.66,87816.97,75232.59,73085,74739.56,
Ethiopia,ETH,Total fisheries production (metric tons),ER.FSH.PROD.MT,50516.24,56127.1,63885.77,59430.89,60536,73880,102470,
European Union,EUU,Total fisheries production (metric tons),ER.FSH.PROD.MT,5678511.75,6073842.01,5882773,5369335.72,5099260.27,4881035.23,4778832.52,
Fragile and conflict affected situations,FCS,Total fisheries production (metric tons),ER.FSH.PROD.MT,6966901.27,7291053.58,7302264.02,7257023.69,7128164.31,6936603.09,6606422.46,
Finland,FIN,Total fisheries production (metric tons),ER.FSH.PROD.MT,207293.17,205211.9,189364.09,179213.09,163621.9,147681.4,138964.6,
Fiji,FJI,Total fisheries production (metric tons),ER.FSH.PROD.MT,45011,47745,43029.41,42003.87,37919.42,33215.58,32837.2,
France,FRA,Total fisheries production (metric tons),ER.FSH.PROD.MT,739095.69,742968.11,766121.48,720260.92,669512.04,704111.64,735365.83,
Faroe Islands,FRO,Total fisheries production (metric tons),ER.FSH.PROD.MT,651768,788758,739031,748204.3,739927.1,656362.9,714655.1,
"Micronesia, Fed. Sts.",FSM,Total fisheries production (metric tons),ER.FSH.PROD.MT,88690,101417,137920.65,181769.51,193747.86,166333.97,,
Gabon,GAB,Total fisheries production (metric tons),ER.FSH.PROD.MT,31050,29050,29062,29062,28952,29912,31097,
United Kingdom,GBR,Total fisheries production (metric tons),ER.FSH.PROD.MT,901821.86,953015.59,889214.31,852817.59,843243.01,864698.11,,
Georgia,GEO,Total fisheries production (metric tons),ER.FSH.PROD.MT,46513.69,139465.38,205905,254200.15,209176.9,200365.45,200531.57,
Ghana,GHA,Total fisheries production (metric tons),ER.FSH.PROD.MT,376396.57,425182.76,435373.37,369665.72,434696.15,482141.55,652309.27,
Gibraltar,GIB,Total fisheries production (metric tons),ER.FSH.PROD.MT,,,,,,,,
Guinea,GIN,Total fisheries production (metric tons),ER.FSH.PROD.MT,159879.8,321741.9,293693.6,360643.2,310705,326270,336050,
"Gambia, The",GMB,Total fisheries production (metric tons),ER.FSH.PROD.MT,58296,60496,49559,56231.66,51022.79,53206.97,53988.5,
Guinea-Bissau,GNB,Total fisheries production (metric tons),ER.FSH.PROD.MT,28460,38375,52278.67,60170,62407.45,63236,63850,
Equatorial Guinea,GNQ,Total fisheries production (metric tons),ER.FSH.PROD.MT,6470.29,6392,6422.61,6432.72,5973.28,6322.12,6625.15,
Greece,GRC,Total fisheries production (metric tons),ER.FSH.PROD.MT,199241.6,203840,210080.72,211995.28,203213.19,203557.44,207502.38,
Grenada,GRD,Total fisheries production (metric tons),ER.FSH.PROD.MT,2762.87,2462.65,2560.92,2071.39,1916.39,1234.08,1881.61,
Greenland,GRL,Total fisheries production (metric tons),ER.FSH.PROD.MT,,,,,,,,
Guatemala,GTM,Total fisheries production (metric tons),ER.FSH.PROD.MT,39430.59,41735.72,42392.13,46714.26,45140.61,43665.51,58570.04,
Guam,GUM,Total fisheries production (metric tons),ER.FSH.PROD.MT,179.8,252.42,197.85,195.2,155.14,130.69,459.5,
Guyana,GUY,Total fisheries production (metric tons),ER.FSH.PROD.MT,42478.7,43673.27,41694.76,39330.02,40124.53,34357.98,37206.85,
High income,HIC,Total fisheries production (metric tons),ER.FSH.PROD.MT,31761028.6,34141941.35,34275246.38,33613175.35,32683687.39,33124432.84,28369828.46,
"Hong Kong SAR, China",HKG,Total fisheries production (metric tons),ER.FSH.PROD.MT,147033,131726,128432,126716.1,123262.7,119187.85,80561.18,
Honduras,HND,Total fisheries production (metric tons),ER.FSH.PROD.MT,67074,76152,77123,80047,86997.1,84947.8,93386,
Heavily indebted poor countries (HIPC),HPC,Total fisheries production (metric tons),ER.FSH.PROD.MT,4121518.88,4572582.56,4599292.03,4814063.93,4733833.23,5050758.38,4974978.11,
Croatia,HRV,Total fisheries production (metric tons),ER.FSH.PROD.MT,90614.65,87089.77,90271.36,85063.37,93394.77,89459.67,90839.22,
Haiti,HTI,Total fisheries production (metric tons),ER.FSH.PROD.MT,17800,17910,17780,17905,17910,17830,18395,
Hungary,HUN,Total fisheries production (metric tons),ER.FSH.PROD.MT,21338.97,23893.5,23101.3,22119.31,23856.43,22447.27,23544.79,
IBRD only,IBD,Total fisheries production (metric tons),ER.FSH.PROD.MT,152712499.9,157579675.42,163649769.92,164291759.32,165800427.43,170435209.43,173015878,
IDA & IBRD total,IBT,Total fisheries production (metric tons),ER.FSH.PROD.MT,168429919.16,174360522.46,180650707.34,181517260.35,182961714.58,187727644.87,190326789.91,
IDA total,IDA,Total fisheries production (metric tons),ER.FSH.PROD.MT,15717419.26,16780847.04,17000937.42,17225501.03,17161287.15,17292435.44,17310911.91,
IDA blend,IDB,Total fisheries production (metric tons),ER.FSH.PROD.MT,2736762.56,3016577.58,2932767.15,2822105.83,2700235.22,2729610.56,2769982.48,
Indonesia,IDN,Total fisheries production (metric tons),ER.FSH.PROD.MT,22583433.92,23156059.1,23132926.86,22760687.73,21834094.6,21718023.23,22032424.56,
IDA only,IDX,Total fisheries production (metric tons),ER.FSH.PROD.MT,12980656.7,13764269.46,14068170.27,14403395.2,14461051.93,14562824.88,14540929.43,
Isle of Man,IMN,Total fisheries production (metric tons),ER.FSH.PROD.MT,,,,,,,,
India,IND,Total fisheries production (metric tons),ER.FSH.PROD.MT,10898848.01,11763822.01,12584085,13410100.02,13299483.01,14433204.98,15774324.95,
Not classified,INX,Total fisheries production (metric tons),ER.FSH.PROD.MT,,,,,,,,
Ireland,IRL,Total fisheries production (metric tons),ER.FSH.PROD.MT,300099.79,321762.94,288136.86,276357.34,246252.76,276257.85,247552.73,
"Iran, Islamic Rep.",IRN,Total fisheries production (metric tons),ER.FSH.PROD.MT,1087850.99,1195366.99,1268111.63,1282681.01,1271400.05,1258202.73,,
Iraq,IRQ,Total fisheries production (metric tons),ER.FSH.PROD.MT,60135,67034,62673,62338,57474.17,66373.69,67550,
Iceland,ISL,Total fisheries production (metric tons),ER.FSH.PROD.MT,1108095,1224644.7,1298685,1100942.8,1079695.19,1224383.4,1486086.47,
Israel,ISR,Total fisheries production (metric tons),ER.FSH.PROD.MT,20502,20051,19073,18986,17296,16910,15895,
Italy,ITA,Total fisheries production (metric tons),ER.FSH.PROD.MT,353550.86,354014.39,351936.88,318456.34,266967.25,297590.87,276306.43,
Jamaica,JAM,Total fisheries production (metric tons),ER.FSH.PROD.MT,18259,20614,16966.63,14636.45,13801.67,14115.2,13474.49,
Jordan,JOR,Total fisheries production (metric tons),ER.FSH.PROD.MT,1721.14,1854.45,1994.86,2618.73,2638.95,2810,3257,
Japan,JPN,Total fisheries production (metric tons),ER.FSH.PROD.MT,4364069.77,4299760.7,4415827.01,4206676.31,4266442.05,4213918.69,3910316.4,
Kazakhstan,KAZ,Total fisheries production (metric tons),ER.FSH.PROD.MT,43212.54,44095.99,42936.41,52577.69,49401.94,46895.72,52130.25,
Kenya,KEN,Total fisheries production (metric tons),ER.FSH.PROD.MT,150416.19,167987.14,153140.52,151000.83,154928.36,169726.9,174699.47,
Kyrgyz Republic,KGZ,Total fisheries production (metric tons),ER.FSH.PROD.MT,2019.7,2190,2577.7,4320,5120,10322,20729.3,
Cambodia,KHM,Total fisheries production (metric tons),ER.FSH.PROD.MT,802450,856320,910155.01,908508.01,936300,856399.99,864050,
Kiribati,KIR,Total fisheries production (metric tons),ER.FSH.PROD.MT,174275,162701,197902.53,238700.32,212752.3,191130.54,203296.05,
St. Kitts and Nevis,KNA,Total fisheries production (metric tons),ER.FSH.PROD.MT,65769.93,84960.17,1046.87,654.5,650.04,676.03,674,
"Korea, Rep.",KOR,Total fisheries production (metric tons),ER.FSH.PROD.MT,3230567.39,3694266.23,3681843.76,3824685.84,3710381.41,3742566.29,,
Kuwait,KWT,Total fisheries production (metric tons),ER.FSH.PROD.MT,5393.16,4183,3078.65,3483.84,3557,3987,2350,
Latin America & Caribbean (excluding high income),LAC,Total fisheries production (metric tons),ER.FSH.PROD.MT,9618863,10272660.51,13550865.63,11339780.73,12321522.23,13704430.49,12682730.43,
Lao PDR,LAO,Total fisheries production (metric tons),ER.FSH.PROD.MT,164000,168869,179208,187701,200021,206008,,
Lebanon,LBN,Total fisheries production (metric tons),ER.FSH.PROD.MT,5326,4652,3736,3559.8,3388,3516,3558,
Liberia,LBR,Total fisheries production (metric tons),ER.FSH.PROD.MT,14063.1,12489.1,14807.29,16989.03,32691.68,26319.14,30712.99,
Libya,LBY,Total fisheries production (metric tons),ER.FSH.PROD.MT,29929.39,31883.99,32154.06,32345,31813.55,31961.33,32595,
St. Lucia,LCA,Total fisheries production (metric tons),ER.FSH.PROD.MT,2150.08,2118.96,2079.92,1964.82,1515.72,1625.19,1652.08,
Latin America & Caribbean,LCN,Total fisheries production (metric tons),ER.FSH.PROD.MT,13225578.72,14539618.23,17809808.87,15774040.45,16624869.25,18203441.33,17240687.31,
Least developed countries: UN classification,LDC,Total fisheries production (metric tons),ER.FSH.PROD.MT,12073259.99,12852274.89,12976244.46,13256200.14,13335676.15,13517361.69,13431803.34,
Low income,LIC,Total fisheries production (metric tons),ER.FSH.PROD.MT,3184906.09,3289512.35,3389442.84,3563446.28,3562853.57,3716275.07,2542996.75,
Liechtenstein,LIE,Total fisheries production (metric tons),ER.FSH.PROD.MT,,,,,,,,
Sri Lanka,LKA,Total fisheries production (metric tons),ER.FSH.PROD.MT,517399.6,501656.63,510201.19,505801.79,424605.7,423428.76,391702.99,
Lower middle income,LMC,Total fisheries production (metric tons),ER.FSH.PROD.MT,40054539.54,42431635.31,44000374.38,45340739.72,45406111.84,46634442.12,47550609.59,
Low & middle income,LMY,Total fisheries production (metric tons),ER.FSH.PROD.MT,165264172.34,170511593.2,176854327.42,177522049.2,179028668.65,183585408.68,185248295.03,
Lesotho,LSO,Total fisheries production (metric tons),ER.FSH.PROD.MT,1102,1853,2552.46,2607,2668,1576.3,1915.26,
Late-demographic dividend,LTE,Total fisheries production (metric tons),ER.FSH.PROD.MT,104550249.09,107532005.1,109713499.03,111768024.31,113453968.37,116055243.27,118849458.66,
Lithuania,LTU,Total fisheries production (metric tons),ER.FSH.PROD.MT,111337.74,93519.07,78763.68,106434.56,95468.76,101287.83,111781.16,
Luxembourg,LUX,Total fisheries production (metric tons),ER.FSH.PROD.MT,,,,,,,,
Latvia,LVA,Total fisheries production (metric tons),ER.FSH.PROD.MT,115066.09,70219.54,73973.66,71993.64,65706.45,62559.51,62377.91,
"Macao SAR, China",MAC,Total fisheries production (metric tons),ER.FSH.PROD.MT,,,,,,,,
St. Martin (French part),MAF,Total fisheries production (metric tons),ER.FSH.PROD.MT,,,,,,,,
Morocco,MAR,Total fisheries production (metric tons),ER.FSH.PROD.MT,1473464.52,1403400.81,1387814.9,1477511.76,1399150.69,1434205.43,1592954.21,
Monaco,MCO,Total fisheries production (metric tons),ER.FSH.PROD.MT,,,,,,,,
Moldova,MDA,Total fisheries production (metric tons),ER.FSH.PROD.MT,12141.4,12213,12660,12730,12650,12905,,
Madagascar,MDG,Total fisheries production (metric tons),ER.FSH.PROD.MT,168336.16,189951.38,142361.72,128287.67,126108.29,130738.1,152317.69,
Maldives,MDV,Total fisheries production (metric tons),ER.FSH.PROD.MT,,,,,,,,
Middle East & North Africa,MEA,Total fisheries production (metric tons),ER.FSH.PROD.MT,5300705.97,5486719.14,5959355.71,6173649.3,6243193.04,6449644.69,5199977.94,
Mexico,MEX,Total fisheries production (metric tons),ER.FSH.PROD.MT,1745794.79,1880687.83,1946512.63,1874459.54,1940137.58,1912067.74,1972994.33,
Marshall Islands,MHL,Total fisheries production (metric tons),ER.FSH.PROD.MT,65219,70302,78354.37,101556.23,88199.58,95821.19,91642.64,
Middle income,MIC,Total fisheries production (metric tons),ER.FSH.PROD.MT,162079266.25,167222080.85,173464884.58,173958602.92,175465815.08,179869133.61,182705298.28,
North Macedonia,MKD,Total fisheries production (metric tons),ER.FSH.PROD.MT,1108,1595.4,1499.3,2355,2106.79,2174.51,2261.2,
Mali,MLI,Total fisheries production (metric tons),ER.FSH.PROD.MT,106680,110135,95713,116347,125376,113884,119195.91,
Malta,MLT,Total fisheries production (metric tons),ER.FSH.PROD.MT,17218.19,17884.32,22023.22,16315.55,21932.76,18913.13,20859.75,
Myanmar,MMR,Total fisheries production (metric tons),ER.FSH.PROD.MT,3090004.34,3204132.01,3168439.45,3033318.64,3122143,2833096.69,3061808,
Middle East & North Africa (excluding high income),MNA,Total fisheries production (metric tons),ER.FSH.PROD.MT,4754996.81,4861607.02,5122684.04,5302759.14,5141176.64,5199773.22,4117477.65,
Montenegro,MNE,Total fisheries production (metric tons),ER.FSH.PROD.MT,2524,2101.7,2389.8,2350,1701.45,1666,1942,
Mongolia,MNG,Total fisheries production (metric tons),ER.FSH.PROD.MT,,,,,,,,
Northern Mariana Islands,MNP,Total fisheries production (metric tons),ER.FSH.PROD.MT,140.84,160.58,156.29,139.27,143.37,230.21,,
Mozambique,MOZ,Total fisheries production (metric tons),ER.FSH.PROD.MT,300914.88,331356.79,352052.16,403590.35,391089.02,413390.04,461913.54,
Mauritania,MRT,Total fisheries production (metric tons),ER.FSH.PROD.MT,,,,,,,,
Mauritius,MUS,Total fisheries production (metric tons),ER.FSH.PROD.MT,19236.69,26240.36,31411.08,37327.49,29287.69,32344.82,34829.49,
Malawi,MWI,Total fisheries production (metric tons),ER.FSH.PROD.MT,160498.39,211671.8,230863,163184,180508.22,180508,194013.36,
Malaysia,MYS,Total fisheries production (metric tons),ER.FSH.PROD.MT,1992258.1,1901885.53,1855008.87,1877376.18,1791561.76,1755709.06,1892540.81,
North America,NAC,Total fisheries production (metric tons),ER.FSH.PROD.MT,6376961.47,6511323.16,6313483.04,6361214.51,5652657.58,5713894.29,5612299.77,
Namibia,NAM,Total fisheries production (metric tons),ER.FSH.PROD.MT,516182.3,501928.91,490536.69,467429.12,329990.85,411170.46,416008.9,
New Caledonia,NCL,Total fisheries production (metric tons),ER.FSH.PROD.MT,5473.25,5152.5,4746.07,5229.11,4804.48,4741.47,5663.91,
Niger,NER,Total fisheries production (metric tons),ER.FSH.PROD.MT,34892,25545,31392,40409.65,46649,47672,48170,
Nigeria,NGA,Total fisheries production (metric tons),ER.FSH.PROD.MT,1041498,1212474.97,1169478,1114556.25,1044812.42,1080855,1043230,
Nicaragua,NIC,Total fisheries production (metric tons),ER.FSH.PROD.MT,66204.99,75881,84027.39,80833.29,72955.54,86280.44,85300.82,
Netherlands,NLD,Total fisheries production (metric tons),ER.FSH.PROD.MT,432284,551818,465199,366791.8,347466.11,340231,338052,
Norway,NOR,Total fisheries production (metric tons),ER.FSH.PROD.MT,3527509.72,3867391.27,4020185.1,3931628.23,4115779.83,4244846.27,4262103.08,
Nepal,NPL,Total fisheries production (metric tons),ER.FSH.PROD.MT,70543,77157.1,86864,92252,97822,105291,108385,
Nauru,NRU,Total fisheries production (metric tons),ER.FSH.PROD.MT,270.3,270.3,9155.5,33525.3,92388.5,120409.5,106750.5,
New Zealand,NZL,Total fisheries production (metric tons),ER.FSH.PROD.MT,533957.16,547673.14,512559.8,527209.86,483546.03,460346.1,452469.57,
OECD members,OED,Total fisheries production (metric tons),ER.FSH.PROD.MT,31265383.9,33586483.93,33620084.6,33114134.32,32114694.47,32412338.62,28059126.06,
Oman,OMN,Total fisheries production (metric tons),ER.FSH.PROD.MT,279691,347616.25,555009.45,580240,794725.95,923786.32,751823.49,
Other small states,OSS,Total fisheries production (metric tons),ER.FSH.PROD.MT,2080659.09,2217177.29,2312977.95,2094299.08,1914023.87,2142923.35,2414384.15,
Pakistan,PAK,Total fisheries production (metric tons),ER.FSH.PROD.MT,672786.02,694394.99,663893.01,649247,655245,660585.99,665520.24,
Panama,PAN,Total fisheries production (metric tons),ER.FSH.PROD.MT,188056.97,187040.1,206371.48,267500.71,222368.65,229440.26,198492.19,
Peru,PER,Total fisheries production (metric tons),ER.FSH.PROD.MT,3928938.15,4285651.36,7349861.86,5014100.01,5820795.2,6726988.61,5509031.32,
Philippines,PHL,Total fisheries production (metric tons),ER.FSH.PROD.MT,4227937.75,4126941.23,4126424.45,4189087.04,4237749.79,4088382.66,4120499.26,
Palau,PLW,Total fisheries production (metric tons),ER.FSH.PROD.MT,841.8,3463.7,3906.42,3949.95,791,835.2,823.07,
Papua New Guinea,PNG,Total fisheries production (metric tons),ER.FSH.PROD.MT,325985.47,331294.57,336045.92,289580.58,220130.47,191017.47,240192.06,
Poland,POL,Total fisheries production (metric tons),ER.FSH.PROD.MT,256408,265195.77,266065.34,256162,254090.3,246171.5,224632.94,
Pre-demographic dividend,PRE,Total fisheries production (metric tons),ER.FSH.PROD.MT,5252116.86,5870821.54,5725303.91,5917497.02,5660965.78,6123921.92,5759628.39,
Puerto Rico,PRI,Total fisheries production (metric tons),ER.FSH.PROD.MT,1867.46,1571.66,1656.93,1531.3,1590.69,1591,1592.29,
"Korea, Dem. People's Rep.",PRK,Total fisheries production (metric tons),ER.FSH.PROD.MT,828750,833760,886760,884760,882300,888630,,
Portugal,PRT,Total fisheries production (metric tons),ER.FSH.PROD.MT,196332.25,195123.72,192261.18,198739.85,180530.97,199045.26,180858.56,
Paraguay,PRY,Total fisheries production (metric tons),ER.FSH.PROD.MT,25500,27825.25,28646.55,29690.46,31075,31710,37905,
West Bank and Gaza,PSE,Total fisheries production (metric tons),ER.FSH.PROD.MT,3586,3708,3950,4573,5306.9,5357.7,4922,
Pacific island small states,PSS,Total fisheries production (metric tons),ER.FSH.PROD.MT,515255.3,495001.17,605729.16,753507.78,758339.39,781403.68,636999.45,
Post-demographic dividend,PST,Total fisheries production (metric tons),ER.FSH.PROD.MT,24421774.05,25743972.39,25536982.78,24902440.14,24061266.61,23987868.2,18838803.72,
French Polynesia,PYF,Total fisheries production (metric tons),ER.FSH.PROD.MT,14156.59,14123.63,14896.74,15140.43,13649.43,14800.69,13335.48,
Qatar,QAT,Total fisheries production (metric tons),ER.FSH.PROD.MT,14523.7,15368.6,14675.3,17152,15109.3,16668.4,18536.85,
Romania,ROU,Total fisheries production (metric tons),ER.FSH.PROD.MT,25302.03,27796.2,23477.45,23775.18,20172.88,18064.6,17467.2,
Russian Federation,RUS,Total fisheries production (metric tons),ER.FSH.PROD.MT,4947451.53,5060376.59,5323509.13,5231713.15,5372210.06,5487045,5339717,
Rwanda,RWA,Total fisheries production (metric tons),ER.FSH.PROD.MT,26593,28357,27534,24760.2,37037.6,42407.3,44937,
South Asia,SAS,Total fisheries production (metric tons),ER.FSH.PROD.MT,16046147.63,17180704.73,18131907.82,19052558.58,18992152.21,20256839.87,21712014.06,
Saudi Arabia,SAU,Total fisheries production (metric tons),ER.FSH.PROD.MT,115095,122946,122875,141039.8,157711.61,181948.66,184107.69,
Sudan,SDN,Total fisheries production (metric tons),ER.FSH.PROD.MT,41502,47390,51041,49770,46660,49970,53250,
Senegal,SEN,Total fisheries production (metric tons),ER.FSH.PROD.MT,476251.17,535950.31,485762.67,517151.27,459463.46,515107.63,535356.29,
Singapore,SGP,Total fisheries production (metric tons),ER.FSH.PROD.MT,7346.35,6943.81,7011.4,7249.08,5184.44,5549.88,4952.61,
Solomon Islands,SLB,Total fisheries production (metric tons),ER.FSH.PROD.MT,76158.86,54774.5,68166.61,73910.88,46409.67,62293.02,59717.39,
Sierra Leone,SLE,Total fisheries production (metric tons),ER.FSH.PROD.MT,202185,202185,202200,202200,200745,205025,215285,
El Salvador,SLV,Total fisheries production (metric tons),ER.FSH.PROD.MT,66513.77,70627.97,68044.66,61592.74,68052.39,71768.74,73033.99,
San Marino,SMR,Total fisheries production (metric tons),ER.FSH.PROD.MT,,,,,,,,
Somalia,SOM,Total fisheries production (metric tons),ER.FSH.PROD.MT,,,,,,,,
Serbia,SRB,Total fisheries production (metric tons),ER.FSH.PROD.MT,8944.66,7278.65,9420.7,9353.77,7942.26,9660.89,8155.47,
Sub-Saharan Africa (excluding high income),SSA,Total fisheries production (metric tons),ER.FSH.PROD.MT,6908804.1,7461425.16,7379273.58,7347228.17,7188579.28,7654742.32,7482151.19,
South Sudan,SSD,Total fisheries production (metric tons),ER.FSH.PROD.MT,37024,39027,41030,43035,41040,44045,47047,
Sub-Saharan Africa,SSF,Total fisheries production (metric tons),ER.FSH.PROD.MT,7036351.86,7604078.34,7525897.06,7489397.56,7328226.87,7798974.67,7619989.52,
Small states,SST,Total fisheries production (metric tons),ER.FSH.PROD.MT,2916432.72,3099730.77,3272190.32,3182549.15,2974867.45,3228407.68,3372729.04,
Sao Tome and Principe,STP,Total fisheries production (metric tons),ER.FSH.PROD.MT,,,,,,,,
Suriname,SUR,Total fisheries production (metric tons),ER.FSH.PROD.MT,43165.1,48690.75,39371.4,31457.5,29809,32170,33740,
Slovak Republic,SVK,Total fisheries production (metric tons),ER.FSH.PROD.MT,4034.65,4516.26,4161.41,4540.54,4032,4329,4509,
Slovenia,SVN,Total fisheries production (metric tons),ER.FSH.PROD.MT,2169.22,2030.17,2207.24,2425.26,1984.62,1954.7,1915.96,
Sweden,SWE,Total fisheries production (metric tons),ER.FSH.PROD.MT,221212,243519,234757,195916.3,191833.1,182769.32,163355.28,
Eswatini,SWZ,Total fisheries production (metric tons),ER.FSH.PROD.MT,165,165,165,165,160,165,165,
Sint Maarten (Dutch part),SXM,Total fisheries production (metric tons),ER.FSH.PROD.MT,,,,,,,,
Seychelles,SYC,Total fisheries production (metric tons),ER.FSH.PROD.MT,127547.76,142653.18,146623.48,142169.39,139647.59,144232.35,137838.33,
Syrian Arab Republic,SYR,Total fisheries production (metric tons),ER.FSH.PROD.MT,6679,6415,6299,6230,5700,6115,6185,
Turks and Caicos Islands,TCA,Total fisheries production (metric tons),ER.FSH.PROD.MT,3145.5,1324.5,2090.5,1243,1297,2277,,
Chad,TCD,Total fisheries production (metric tons),ER.FSH.PROD.MT,110094,107150,107105,107105,105105,103110,107120,
East Asia & Pacific (IDA & IBRD countries),TEA,Total fisheries production (metric tons),ER.FSH.PROD.MT,121199652.21,123716144.6,125284154.6,126906318.05,127825616.79,129081653.24,132571111.64,
Europe & Central Asia (IDA & IBRD countries),TEC,Total fisheries production (metric tons),ER.FSH.PROD.MT,6279553.57,6565643.22,6887651.4,7087170.38,7137367.95,7273444.81,7122499.92,
Togo,TGO,Total fisheries production (metric tons),ER.FSH.PROD.MT,31989,27047,24910,26526,18764,18866,22656.22,
Thailand,THA,Total fisheries production (metric tons),ER.FSH.PROD.MT,2495764.87,2388032.35,2458068.89,2490448.92,2600397.33,2405437.6,2386672.33,
Tajikistan,TJK,Total fisheries production (metric tons),ER.FSH.PROD.MT,1538.99,1575,1707.99,2452.33,2584.86,4389.22,4673,
Turkmenistan,TKM,Total fisheries production (metric tons),ER.FSH.PROD.MT,15075,15080,15120,15140,14755,15202,15272,
Latin America & the Caribbean (IDA & IBRD countries),TLA,Total fisheries production (metric tons),ER.FSH.PROD.MT,13116803.08,14436052.55,17702362.42,15683629.64,16542481.02,18122316.76,17188619.12,
Timor-Leste,TLS,Total fisheries production (metric tons),ER.FSH.PROD.MT,5403,6373,6978.04,8071.41,7866.24,7616.9,7831.6,
Middle East & North Africa (IDA & IBRD countries),TMN,Total fisheries production (metric tons),ER.FSH.PROD.MT,4751410.81,4857899.02,5118734.04,5298186.14,5135869.74,5194415.52,4112555.65,
Tonga,TON,Total fisheries production (metric tons),ER.FSH.PROD.MT,1626.03,1471,1324.39,1302.61,1202.32,1215.21,1426.03,
South Asia (IDA & IBRD),TSA,Total fisheries production (metric tons),ER.FSH.PROD.MT,16046147.63,17180704.73,18131907.82,19052558.58,18992152.21,20256839.87,21712014.06,
Sub-Saharan Africa (IDA & IBRD countries),TSS,Total fisheries production (metric tons),ER.FSH.PROD.MT,7036351.86,7604078.34,7525897.06,7489397.56,7328226.87,7798974.67,7619989.52,
Trinidad and Tobago,TTO,Total fisheries production (metric tons),ER.FSH.PROD.MT,13127.04,12949.58,13191.79,12995.71,12916.85,13102.37,13076.41,
Tunisia,TUN,Total fisheries production (metric tons),ER.FSH.PROD.MT,125930,129829.99,136949.19,155205.2,145453.1,150342.65,149631.44,
Turkiye,TUR,Total fisheries production (metric tons),ER.FSH.PROD.MT,588740.27,630972.5,628779.51,836550.96,785815.88,799844,849825.9,
Tuvalu,TUV,Total fisheries production (metric tons),ER.FSH.PROD.MT,7686.5,7477.5,12821.89,8359.78,11296,31087.51,42782,
Tanzania,TZA,Total fisheries production (metric tons),ER.FSH.PROD.MT,145052.23,144872.46,139711.22,133380,125972,142129,159271,
Uganda,UGA,Total fisheries production (metric tons),ER.FSH.PROD.MT,499854.2,501972.6,543091,706166.7,702581,773153.36,546312,
Ukraine,UKR,Total fisheries production (metric tons),ER.FSH.PROD.MT,97283.44,113650.08,95102.41,100334.34,88034.9,79930.12,37350.93,
Upper middle income,UMC,Total fisheries production (metric tons),ER.FSH.PROD.MT,122024726.71,124790445.54,129464510.2,128617863.2,130059703.24,133234691.49,135154688.69,
Uruguay,URY,Total fisheries production (metric tons),ER.FSH.PROD.MT,51621.39,65378.62,69830.11,68126.28,62977.77,66384.5,68872.65,
United States,USA,Total fisheries production (metric tons),ER.FSH.PROD.MT,5289437.5,5465607,5268019.35,5320578.85,4717511.61,4769525.12,4741659.94,
Uzbekistan,UZB,Total fisheries production (metric tons),ER.FSH.PROD.MT,65321.7,83900,90984,121717,144103.02,171933.01,185273.98,
St. Vincent and the Grenadines,VCT,Total fisheries production (metric tons),ER.FSH.PROD.MT,22835.11,32938.89,2328.89,1969.03,2140.59,1599.28,,
"Venezuela, RB",VEN,Total fisheries production (metric tons),ER.FSH.PROD.MT,309740.64,264200.08,208510.97,209936,236161.02,276700.94,,
British Virgin Islands,VGB,Total fisheries production (metric tons),ER.FSH.PROD.MT,1192.5,1193,1193,1193,1122,1134.19,1135.44,
Virgin Islands (U.S.),VIR,Total fisheries production (metric tons),ER.FSH.PROD.MT,596.54,556.91,298,340.72,363.61,428.32,,
Viet Nam,VNM,Total fisheries production (metric tons),ER.FSH.PROD.MT,6659520.03,7146070.53,7539001.5,7814278.31,8187491.71,8290423.98,8760377.55,
Vanuatu,VUT,Total fisheries production (metric tons),ER.FSH.PROD.MT,46656.81,34514.05,43390.76,57200.57,63668.57,69875.54,88121.33,
World,WLD,Total fisheries production (metric tons),ER.FSH.PROD.MT,197334941.58,204917734.63,211338084.77,211345160.55,211948517.06,216986542.46,213618123.49,
Samoa,WSM,Total fisheries production (metric tons),ER.FSH.PROD.MT,8820,10865.12,9756.63,11228.76,9964.17,9186.42,9603.24,
Kosovo,XKX,Total fisheries production (metric tons),ER.FSH.PROD.MT,,,,,,,,
"Yemen, Rep.",YEM,Total fisheries production (metric tons),ER.FSH.PROD.MT,152135.99,131294.99,131317.99,131315.73,131316.52,154950,178200,
South Africa,ZAF,Total fisheries production (metric tons),ER.FSH.PROD.MT,630184.32,536264.08,578377.82,456228.55,613435.48,504475.87,484805.53,
Zambia,ZMB,Total fisheries production (metric tons),ER.FSH.PROD.MT,113575,122603.1,128103,135943,152506,168480,185076,
Zimbabwe,ZWE,Total fisheries production (metric tons),ER.FSH.PROD.MT,50857.39,49167.41,48066.29,46925.27,47947.89,27791.82,34514.01,
