"Data Source","World Development Indicators",

"Last Updated Date","2024-06-28",

"Country Name","Country Code","Indicator Name","Indicator Code","1960","1961","1962","1963","1964","1965","1966","1967","1968","1969","1970","1971","1972","1973","1974","1975","1976","1977","1978","1979","1980","1981","1982","1983","1984","1985","1986","1987","1988","1989","1990","1991","1992","1993","1994","1995","1996","1997","1998","1999","2000","2001","2002","2003","2004","2005","2006","2007","2008","2009","2010","2011","2012","2013","2014","2015","2016","2017","2018","2019","2020","2021","2022","2023",
"Aruba","ABW","Marine protected areas (% of territorial waters)","ER.MRN.PTMR.ZS","","","","","","","","","","","","","","","","","","","","","","","","","","","","","","","","","","","","","","","","","","","","","","","","","","","","","","","","","","0.000105156683687689","0.000105156683687689","0.000105","0.000105","0.000105157","0.0001052","",
"Africa Eastern and Southern","AFE","Marine protected areas (% of territorial waters)","ER.MRN.PTMR.ZS","","","","","","","","","","","","","","","","","","","","","","","","","","","","","","","","","","","","","","","","","","","","","","","","","","","","","","","","","4.93633827535982","4.94569027956894","4.94568706077219","5.23588024426614","5.03656369796849","5.04051231712238","","",
"Afghanistan","AFG","Marine protected areas (% of territorial waters)","ER.MRN.PTMR.ZS","","","","","","","","","","","","","","","","","","","","","","","","","","","","","","","","","","","","","","","","","","","","","","","","","","","","","","","","","","","","","","","","",
"Africa Western and Central","AFW","Marine protected areas (% of territorial waters)","ER.MRN.PTMR.ZS","","","","","","","","","","","","","","","","","","","","","","","","","","","","","","","","","","","","","","","","","","","","","","","","","","","","","","","","","","","","","","","","",
"Angola","AGO","Marine protected areas (% of territorial waters)","ER.MRN.PTMR.ZS","","","","","","","","","","","","","","","","","","","","","","","","","","","","","","","","","","","","","","","","","","","","","","","","","","","","","","","","","0.004860726","0.00492982714246822","0.00492982714246822","0.00493","0.00493","0.004929823","0.0049298","",
"Albania","ALB","Marine protected areas (% of territorial waters)","ER.MRN.PTMR.ZS","","","","","","","","","","","","","","","","","","","","","","","","","","","","","","","","","","","","","","","","","","","","","","","","","","","","","","","","","2.71443113","2.71803297867369","2.71803297867369","2.839279","2.839279","2.839279175","2.8392792","",
"Andorra","AND","Marine protected areas (% of territorial waters)","ER.MRN.PTMR.ZS","","","","","","","","","","","","","","","","","","","","","","","","","","","","","","","","","","","","","","","","","","","","","","","","","","","","","","","","","","","","","","","","",
"Arab World","ARB","Marine protected areas (% of territorial waters)","ER.MRN.PTMR.ZS","","","","","","","","","","","","","","","","","","","","","","","","","","","","","","","","","","","","","","","","","","","","","","","","","","","","","","","","","3.98293745357672","4.06190907511517","4.06190907511517","4.06265755043518","3.64326352548187","3.64766252861276","","",
"United Arab Emirates","ARE","Marine protected areas (% of territorial waters)","ER.MRN.PTMR.ZS","","","","","","","","","","","","","","","","","","","","","","","","","","","","","","","","","","","","","","","","","","","","","","","","","","","","","","","","","4.269708103","11.2703538609644","11.2703538609644","11.27034","11.48045","11.48044777","11.4804478","",
"Argentina","ARG","Marine protected areas (% of territorial waters)","ER.MRN.PTMR.ZS","","","","","","","","","","","","","","","","","","","","","","","","","","","","","","","","","","","","","","","","","","","","","","","","","","","","","","","","","4.01993961","3.79699243606319","3.79699243606319","11.76767","11.76653","11.76652527","11.767086","",
"Armenia","ARM","Marine protected areas (% of territorial waters)","ER.MRN.PTMR.ZS","","","","","","","","","","","","","","","","","","","","","","","","","","","","","","","","","","","","","","","","","","","","","","","","","","","","","","","","","","","","","","","","",
"American Samoa","ASM","Marine protected areas (% of territorial waters)","ER.MRN.PTMR.ZS","","","","","","","","","","","","","","","","","","","","","","","","","","","","","","","","","","","","","","","","","","","","","","","","","","","","","","","","","8.710817667","8.71587580537483","8.71587580537483","8.715876","0.002208","8.723742485","8.7237425","",
"Antigua and Barbuda","ATG","Marine protected areas (% of territorial waters)","ER.MRN.PTMR.ZS","","","","","","","","","","","","","","","","","","","","","","","","","","","","","","","","","","","","","","","","","","","","","","","","","","","","","","","","","0.191718498","0.181504473350006","0.181504473350006","0.181504","0.299509","0.299942076","0.2999421","",
"Australia","AUS","Marine protected areas (% of territorial waters)","ER.MRN.PTMR.ZS","","","","","","","","","","","","","","","","","","","","","","","","","","","","","","","","","","","","","","","","","","","","","","","","","","","","","","","","","40.65344145","40.5594116036044","40.5594116036044","40.55941","40.84466","44.33663559","44.3366356","",
"Austria","AUT","Marine protected areas (% of territorial waters)","ER.MRN.PTMR.ZS","","","","","","","","","","","","","","","","","","","","","","","","","","","","","","","","","","","","","","","","","","","","","","","","","","","","","","","","","","","","","","","","",
"Azerbaijan","AZE","Marine protected areas (% of territorial waters)","ER.MRN.PTMR.ZS","","","","","","","","","","","","","","","","","","","","","","","","","","","","","","","","","","","","","","","","","","","","","","","","","","","","","","","","","0.436531485","0.436929518301171","0.436929518301171","0.436929","0.436929","0.436928868","0.4369289","",
"Burundi","BDI","Marine protected areas (% of territorial waters)","ER.MRN.PTMR.ZS","","","","","","","","","","","","","","","","","","","","","","","","","","","","","","","","","","","","","","","","","","","","","","","","","","","","","","","","","","","","","","","","",
"Belgium","BEL","Marine protected areas (% of territorial waters)","ER.MRN.PTMR.ZS","","","","","","","","","","","","","","","","","","","","","","","","","","","","","","","","","","","","","","","","","","","","","","","","","","","","","","","","","36.6511789","36.6552430210351","36.6552430210351","36.65342","36.65342","36.65341568","38.0590172","",
"Benin","BEN","Marine protected areas (% of territorial waters)","ER.MRN.PTMR.ZS","","","","","","","","","","","","","","","","","","","","","","","","","","","","","","","","","","","","","","","","","","","","","","","","","","","","","","","","","","0","0","0","0","0","0","",
"Burkina Faso","BFA","Marine protected areas (% of territorial waters)","ER.MRN.PTMR.ZS","","","","","","","","","","","","","","","","","","","","","","","","","","","","","","","","","","","","","","","","","","","","","","","","","","","","","","","","","","","","","","","","",
"Bangladesh","BGD","Marine protected areas (% of territorial waters)","ER.MRN.PTMR.ZS","","","","","","","","","","","","","","","","","","","","","","","","","","","","","","","","","","","","","","","","","","","","","","","","","","","","","","","","","5.356940135","5.35719019951986","5.35719019951986","5.356943","5.356943","5.356942654","5.3569427","",
"Bulgaria","BGR","Marine protected areas (% of territorial waters)","ER.MRN.PTMR.ZS","","","","","","","","","","","","","","","","","","","","","","","","","","","","","","","","","","","","","","","","","","","","","","","","","","","","","","","","","8.103059545","8.10330994468942","8.10330994468942","8.10862","8.108338","8.108338356","8.1083384","",
"Bahrain","BHR","Marine protected areas (% of territorial waters)","ER.MRN.PTMR.ZS","","","","","","","","","","","","","","","","","","","","","","","","","","","","","","","","","","","","","","","","","","","","","","","","","","","","","","","","","1.244628446","1.24223918679232","1.24223918679232","1.242278","1.242278","1.242277741","21.1257343","",
"Bahamas, The","BHS","Marine protected areas (% of territorial waters)","ER.MRN.PTMR.ZS","","","","","","","","","","","","","","","","","","","","","","","","","","","","","","","","","","","","","","","","","","","","","","","","","","","","","","","","","0.565663569","7.92288620534516","7.92288620534516","7.922884","7.922884","7.922884464","7.9228845","",
"Bosnia and Herzegovina","BIH","Marine protected areas (% of territorial waters)","ER.MRN.PTMR.ZS","","","","","","","","","","","","","","","","","","","","","","","","","","","","","","","","","","","","","","","","","","","","","","","","","","","","","","","","","","0","0","0","0","0","0","",
"Belarus","BLR","Marine protected areas (% of territorial waters)","ER.MRN.PTMR.ZS","","","","","","","","","","","","","","","","","","","","","","","","","","","","","","","","","","","","","","","","","","","","","","","","","","","","","","","","","","","","","","","","",
"Belize","BLZ","Marine protected areas (% of territorial waters)","ER.MRN.PTMR.ZS","","","","","","","","","","","","","","","","","","","","","","","","","","","","","","","","","","","","","","","","","","","","","","","","","","","","","","","","","10.08005561","10.0788752290615","10.0788752290615","10.07892","11.01918","11.01918316","11.0191832","",
"Bermuda","BMU","Marine protected areas (% of territorial waters)","ER.MRN.PTMR.ZS","","","","","","","","","","","","","","","","","","","","","","","","","","","","","","","","","","","","","","","","","","","","","","","","","","","","","","","","","0.032990607","5.64206970825242E-05","5.64206970825242E-05","5.6E-05","5.6E-05","5.64E-05","5.64E-05","",
"Bolivia","BOL","Marine protected areas (% of territorial waters)","ER.MRN.PTMR.ZS","","","","","","","","","","","","","","","","","","","","","","","","","","","","","","","","","","","","","","","","","","","","","","","","","","","","","","","","","","","","","","","","",
"Brazil","BRA","Marine protected areas (% of territorial waters)","ER.MRN.PTMR.ZS","","","","","","","","","","","","","","","","","","","","","","","","","","","","","","","","","","","","","","","","","","","","","","","","","","","","","","","","","1.684944305","26.6241067049733","26.6241067049733","26.6241","26.82149","26.82148552","26.8214855","",
"Barbados","BRB","Marine protected areas (% of territorial waters)","ER.MRN.PTMR.ZS","","","","","","","","","","","","","","","","","","","","","","","","","","","","","","","","","","","","","","","","","","","","","","","","","","","","","","","","","0.00594531","0.00584651219433888","0.00584651219433888","0.005578","0.005578","0.005578455","0.0055785","",
"Brunei Darussalam","BRN","Marine protected areas (% of territorial waters)","ER.MRN.PTMR.ZS","","","","","","","","","","","","","","","","","","","","","","","","","","","","","","","","","","","","","","","","","","","","","","","","","","","","","","","","","0.202347228","0.201102067315263","0.201102067315263","0.201099","0.201099","0.2010988","0.2010988","",
"Bhutan","BTN","Marine protected areas (% of territorial waters)","ER.MRN.PTMR.ZS","","","","","","","","","","","","","","","","","","","","","","","","","","","","","","","","","","","","","","","","","","","","","","","","","","","","","","","","","","","","","","","","",
"Botswana","BWA","Marine protected areas (% of territorial waters)","ER.MRN.PTMR.ZS","","","","","","","","","","","","","","","","","","","","","","","","","","","","","","","","","","","","","","","","","","","","","","","","","","","","","","","","","","","","","","","","",
"Central African Republic","CAF","Marine protected areas (% of territorial waters)","ER.MRN.PTMR.ZS","","","","","","","","","","","","","","","","","","","","","","","","","","","","","","","","","","","","","","","","","","","","","","","","","","","","","","","","","","","","","","","","",
"Canada","CAN","Marine protected areas (% of territorial waters)","ER.MRN.PTMR.ZS","","","","","","","","","","","","","","","","","","","","","","","","","","","","","","","","","","","","","","","","","","","","","","","","","","","","","","","","","0.871872218","0.871881853190504","0.871881853190504","2.907388","8.784922","8.857775688","9.0630465","",
"Central Europe and the Baltics","CEB","Marine protected areas (% of territorial waters)","ER.MRN.PTMR.ZS","","","","","","","","","","","","","","","","","","","","","","","","","","","","","","","","","","","","","","","","","","","","","","","","","","","","","","","","","16.9876983265479","20.9487757841186","19.199308509922","20.9503523320477","18.8849260930773","18.8845986620575","","",
"Switzerland","CHE","Marine protected areas (% of territorial waters)","ER.MRN.PTMR.ZS","","","","","","","","","","","","","","","","","","","","","","","","","","","","","","","","","","","","","","","","","","","","","","","","","","","","","","","","","","","","","","","","",
"Channel Islands","CHI","Marine protected areas (% of territorial waters)","ER.MRN.PTMR.ZS","","","","","","","","","","","","","","","","","","","","","","","","","","","","","","","","","","","","","","","","","","","","","","","","","","","","","","","","","","","","","","","","",
"Chile","CHL","Marine protected areas (% of territorial waters)","ER.MRN.PTMR.ZS","","","","","","","","","","","","","","","","","","","","","","","","","","","","","","","","","","","","","","","","","","","","","","","","","","","","","","","","","12.59520309","28.814450666394","28.814450666394","41.19151","41.32516","41.32516098","41.3541069","",
"China","CHN","Marine protected areas (% of territorial waters)","ER.MRN.PTMR.ZS","","","","","","","","","","","","","","","","","","","","","","","","","","","","","","","","","","","","","","","","","","","","","","","","","","","","","","","","","3.766775077","5.40683189597192","5.40683189597192","5.406831","5.479009","5.479008675","5.4790087","",
"Cote d'Ivoire","CIV","Marine protected areas (% of territorial waters)","ER.MRN.PTMR.ZS","","","","","","","","","","","","","","","","","","","","","","","","","","","","","","","","","","","","","","","","","","","","","","","","","","","","","","","","","0.074352759","0.0745659769547534","0.0745659769547534","0.074566","0.072576","0.072575644","0.0725756","",
"Cameroon","CMR","Marine protected areas (% of territorial waters)","ER.MRN.PTMR.ZS","","","","","","","","","","","","","","","","","","","","","","","","","","","","","","","","","","","","","","","","","","","","","","","","","","","","","","","","","3.407166611","3.40964063973876","3.40964063973876","11.46265","10.8919","10.89189816","10.8918982","",
"Congo, Dem. Rep.","COD","Marine protected areas (% of territorial waters)","ER.MRN.PTMR.ZS","","","","","","","","","","","","","","","","","","","","","","","","","","","","","","","","","","","","","","","","","","","","","","","","","","","","","","","","","0.233690654","0.236439195438816","0.236439195438816","0.236432","0.236432","0.236431941","0.2364319","",
"Congo, Rep.","COG","Marine protected areas (% of territorial waters)","ER.MRN.PTMR.ZS","","","","","","","","","","","","","","","","","","","","","","","","","","","","","","","","","","","","","","","","","","","","","","","","","","","","","","","","","3.205932229","3.2117029732529","3.2117029732529","3.211738","3.010546","3.010546446","3.0105464","",
"Colombia","COL","Marine protected areas (% of territorial waters)","ER.MRN.PTMR.ZS","","","","","","","","","","","","","","","","","","","","","","","","","","","","","","","","","","","","","","","","","","","","","","","","","","","","","","","","","2.063793258","17.0698862847978","17.0698862847978","17.06084","17.1657","17.16570282","17.0900021","",
"Comoros","COM","Marine protected areas (% of territorial waters)","ER.MRN.PTMR.ZS","","","","","","","","","","","","","","","","","","","","","","","","","","","","","","","","","","","","","","","","","","","","","","","","","","","","","","","","","0.022960018","0.0226364027578958","0.0226364027578958","0.022636","0.374477","0.374477267","0.3744773","",
"Cabo Verde","CPV","Marine protected areas (% of territorial waters)","ER.MRN.PTMR.ZS","","","","","","","","","","","","","","","","","","","","","","","","","","","","","","","","","","","","","","","","","","","","","","","","","","","","","","","","","","0.000676993988023627","0.000676993988023627","0.000677","0.000677","0.000676994","0.000677","",
"Costa Rica","CRI","Marine protected areas (% of territorial waters)","ER.MRN.PTMR.ZS","","","","","","","","","","","","","","","","","","","","","","","","","","","","","","","","","","","","","","","","","","","","","","","","","","","","","","","","","0.833521087","0.833447452118705","0.833447452118705","2.614376","2.728769","2.728768587","28.9516144","",
"Caribbean small states","CSS","Marine protected areas (% of territorial waters)","ER.MRN.PTMR.ZS","","","","","","","","","","","","","","","","","","","","","","","","","","","","","","","","","","","","","","","","","","","","","","","","","","","","","","","","","1.15818443627366","1.39319343853239","1.39319343853239","1.39840043148118","1.44818013322145","1.44817743293952","","",
"Cuba","CUB","Marine protected areas (% of territorial waters)","ER.MRN.PTMR.ZS","","","","","","","","","","","","","","","","","","","","","","","","","","","","","","","","","","","","","","","","","","","","","","","","","","","","","","","","","4.324744631","4.3249505259467","4.3249505259467","3.851971","3.852249","3.852249146","3.8522491","",
"Curacao","CUW","Marine protected areas (% of territorial waters)","ER.MRN.PTMR.ZS","","","","","","","","","","","","","","","","","","","","","","","","","","","","","","","","","","","","","","","","","","","","","","","","","","","","","","","","","0.032749304","0.0341709310928601","0.0341709310928601","0.038174","0.038174","0.038173836","0.0381738","",
"Cayman Islands","CYM","Marine protected areas (% of territorial waters)","ER.MRN.PTMR.ZS","","","","","","","","","","","","","","","","","","","","","","","","","","","","","","","","","","","","","","","","","","","","","","","","","","","","","","","","","0.077755622","0.0776734150587337","0.0776734150587337","0.077673","0.077673","0.077673122","0.0776731","",
"Cyprus","CYP","Marine protected areas (% of territorial waters)","ER.MRN.PTMR.ZS","","","","","","","","","","","","","","","","","","","","","","","","","","","","","","","","","","","","","","","","","","","","","","","","","","","","","","","","","0.123118249","0.122715523666451","0.122715523666451","0.123078","8.620539","8.620538712","8.6205378","",
"Czechia","CZE","Marine protected areas (% of territorial waters)","ER.MRN.PTMR.ZS","","","","","","","","","","","","","","","","","","","","","","","","","","","","","","","","","","","","","","","","","","","","","","","","","","","","","","","","","","","","","","","","",
"Germany","DEU","Marine protected areas (% of territorial waters)","ER.MRN.PTMR.ZS","","","","","","","","","","","","","","","","","","","","","","","","","","","","","","","","","","","","","","","","","","","","","","","","","","","","","","","","","45.35655161","45.3573960418849","45.3573960418849","45.38045","45.38863","45.46042633","45.4581184","",
"Djibouti","DJI","Marine protected areas (% of territorial waters)","ER.MRN.PTMR.ZS","","","","","","","","","","","","","","","","","","","","","","","","","","","","","","","","","","","","","","","","","","","","","","","","","","","","","","","","","0.540455974","0.167867459666831","0.167867459666831","0.167865","0.167865","0.167864516","0.1678645","",
"Dominica","DMA","Marine protected areas (% of territorial waters)","ER.MRN.PTMR.ZS","","","","","","","","","","","","","","","","","","","","","","","","","","","","","","","","","","","","","","","","","","","","","","","","","","","","","","","","","0.013913431","0.105277967308817","0.105277967308817","0.034827","0.034789","0.034776829","0.0333271","",
"Denmark","DNK","Marine protected areas (% of territorial waters)","ER.MRN.PTMR.ZS","","","","","","","","","","","","","","","","","","","","","","","","","","","","","","","","","","","","","","","","","","","","","","","","","","","","","","","","","17.84814939","17.8489925277439","17.8489925277439","17.91984","18.32221","18.32213974","18.3222065","",
"Dominican Republic","DOM","Marine protected areas (% of territorial waters)","ER.MRN.PTMR.ZS","","","","","","","","","","","","","","","","","","","","","","","","","","","","","","","","","","","","","","","","","","","","","","","","","","","","","","","","","9.08469123","17.9579055499101","17.9579055499101","17.95776","17.95776","17.95775986","17.276762","",
"Algeria","DZA","Marine protected areas (% of territorial waters)","ER.MRN.PTMR.ZS","","","","","","","","","","","","","","","","","","","","","","","","","","","","","","","","","","","","","","","","","","","","","","","","","","","","","","","","","0.085275945","0.0854831025889078","0.0854831025889078","0.085483","0.068023","0.068022594","0.0680226","",
"East Asia & Pacific (excluding high income)","EAP","Marine protected areas (% of territorial waters)","ER.MRN.PTMR.ZS","","","","","","","","","","","","","","","","","","","","","","","","","","","","","","","","","","","","","","","","","","","","","","","","","","","","","","","","","3.02306857815316","4.23909256599744","4.23910463529243","4.15151052080295","4.34332289628422","4.40941016114973","","",
"Early-demographic dividend","EAR","Marine protected areas (% of territorial waters)","ER.MRN.PTMR.ZS","","","","","","","","","","","","","","","","","","","","","","","","","","","","","","","","","","","","","","","","","","","","","","","","","","","","","","","","","2.2151832480937","3.90037362104261","3.90035227104162","4.74418650302073","4.73794782387247","4.83618408024845","","",
"East Asia & Pacific","EAS","Marine protected areas (% of territorial waters)","ER.MRN.PTMR.ZS","","","","","","","","","","","","","","","","","","","","","","","","","","","","","","","","","","","","","","","","","","","","","","","","","","","","","","","","","16.016680920821","16.874752899805","16.8747688659699","16.8227795011737","17.0391969786142","18.3482535073468","","",
"Europe & Central Asia (excluding high income)","ECA","Marine protected areas (% of territorial waters)","ER.MRN.PTMR.ZS","","","","","","","","","","","","","","","","","","","","","","","","","","","","","","","","","","","","","","","","","","","","","","","","","","","","","","","","","2.65442372039619","2.64655391473431","2.64655391473431","2.64682507242863","8.78288693479826","8.43445874217953","","",
"Europe & Central Asia","ECS","Marine protected areas (% of territorial waters)","ER.MRN.PTMR.ZS","","","","","","","","","","","","","","","","","","","","","","","","","","","","","","","","","","","","","","","","","","","","","","","","","","","","","","","","","4.7957981109719","5.55279397323292","5.48184724593579","5.73727797645965","10.8175669589982","10.7264719516594","","",
"Ecuador","ECU","Marine protected areas (% of territorial waters)","ER.MRN.PTMR.ZS","","","","","","","","","","","","","","","","","","","","","","","","","","","","","","","","","","","","","","","","","","","","","","","","","","","","","","","","","13.05063954","13.3461718314051","13.3461718314051","13.34592","13.34592","13.34592247","19.1484432","",
"Egypt, Arab Rep.","EGY","Marine protected areas (% of territorial waters)","ER.MRN.PTMR.ZS","","","","","","","","","","","","","","","","","","","","","","","","","","","","","","","","","","","","","","","","","","","","","","","","","","","","","","","","","4.951564185","4.95148884185994","4.95148884185994","4.951488","4.951488","4.951487541","4.9514875","",
"Euro area","EMU","Marine protected areas (% of territorial waters)","ER.MRN.PTMR.ZS","","","","","","","","","","","","","","","","","","","","","","","","","","","","","","","","","","","","","","","","","","","","","","","","","","","","","","","","","19.0153961328141","23.4369239216171","22.8347628683601","25.2916002317012","24.9784370117602","24.8771653460058","","",
"Eritrea","ERI","Marine protected areas (% of territorial waters)","ER.MRN.PTMR.ZS","","","","","","","","","","","","","","","","","","","","","","","","","","","","","","","","","","","","","","","","","","","","","","","","","","","","","","","","","","0","0","0","0","0","0","",
"Spain","ESP","Marine protected areas (% of territorial waters)","ER.MRN.PTMR.ZS","","","","","","","","","","","","","","","","","","","","","","","","","","","","","","","","","","","","","","","","","","","","","","","","","","","","","","","","","8.729888608","8.37411263885255","8.37411263885255","12.68843","12.7587","12.75744438","12.7854223","",
"Estonia","EST","Marine protected areas (% of territorial waters)","ER.MRN.PTMR.ZS","","","","","","","","","","","","","","","","","","","","","","","","","","","","","","","","","","","","","","","","","","","","","","","","","","","","","","","","","18.62632888","18.6204423838105","18.6204423838105","18.63492","18.77884","18.77870941","18.7789497","",
"Ethiopia","ETH","Marine protected areas (% of territorial waters)","ER.MRN.PTMR.ZS","","","","","","","","","","","","","","","","","","","","","","","","","","","","","","","","","","","","","","","","","","","","","","","","","","","","","","","","","","","","","","","","",
"European Union","EUU","Marine protected areas (% of territorial waters)","ER.MRN.PTMR.ZS","","","","","","","","","","","","","","","","","","","","","","","","","","","","","","","","","","","","","","","","","","","","","","","","","","","","","","","","","16.6566787228206","21.4221211171249","21.0121590207669","22.676751112217","22.4841026902141","22.4685523549019","","",
"Fragile and conflict affected situations","FCS","Marine protected areas (% of territorial waters)","ER.MRN.PTMR.ZS","","","","","","","","","","","","","","","","","","","","","","","","","","","","","","","","","","","","","","","","","","","","","","","","","","","","","","","","","","","","","","","","",
"Finland","FIN","Marine protected areas (% of territorial waters)","ER.MRN.PTMR.ZS","","","","","","","","","","","","","","","","","","","","","","","","","","","","","","","","","","","","","","","","","","","","","","","","","","","","","","","","","11.13029428","10.5099633551937","10.5099633551937","12.11062","11.98687","11.98700523","11.9924765","",
"Fiji","FJI","Marine protected areas (% of territorial waters)","ER.MRN.PTMR.ZS","","","","","","","","","","","","","","","","","","","","","","","","","","","","","","","","","","","","","","","","","","","","","","","","","","","","","","","","","0.92441448","0.924879431405508","0.924879431405508","0.92488","0.92488","0.924879611","0.9248796","",
"France","FRA","Marine protected areas (% of territorial waters)","ER.MRN.PTMR.ZS","","","","","","","","","","","","","","","","","","","","","","","","","","","","","","","","","","","","","","","","","","","","","","","","","","","","","","","","","26.16684852","45.0457953940979","45.0457953940979","48.92877","50.35653","49.82694626","49.8158798","",
"Faroe Islands","FRO","Marine protected areas (% of territorial waters)","ER.MRN.PTMR.ZS","","","","","","","","","","","","","","","","","","","","","","","","","","","","","","","","","","","","","","","","","","","","","","","","","","","","","","","","","0.010872809","0.0108312493723335","0.0108312493723335","0.010831","0.010831","0.010831232","0.0108312","",
"Micronesia, Fed. Sts.","FSM","Marine protected areas (% of territorial waters)","ER.MRN.PTMR.ZS","","","","","","","","","","","","","","","","","","","","","","","","","","","","","","","","","","","","","","","","","","","","","","","","","","","","","","","","","0.017563565","0.0157723799070518","0.0157723799070518","0.015772","0.015772","0.01577238","0.0157724","",
"Gabon","GAB","Marine protected areas (% of territorial waters)","ER.MRN.PTMR.ZS","","","","","","","","","","","","","","","","","","","","","","","","","","","","","","","","","","","","","","","","","","","","","","","","","","","","","","","","","0.968998765","28.8271766191915","28.8271766191915","28.82714","28.82714","28.82713699","28.827137","",
"United Kingdom","GBR","Marine protected areas (% of territorial waters)","ER.MRN.PTMR.ZS","","","","","","","","","","","","","","","","","","","","","","","","","","","","","","","","","","","","","","","","","","","","","","","","","","","","","","","","","20.23542286","28.8733055538075","28.8733055538075","29.16274","44.20283","44.20282745","44.0570869","",
"Georgia","GEO","Marine protected areas (% of territorial waters)","ER.MRN.PTMR.ZS","","","","","","","","","","","","","","","","","","","","","","","","","","","","","","","","","","","","","","","","","","","","","","","","","","","","","","","","","0.667918104","0.667756100327337","0.667756100327337","0.667756","0.667756","0.667755842","0.6677558","",
"Ghana","GHA","Marine protected areas (% of territorial waters)","ER.MRN.PTMR.ZS","","","","","","","","","","","","","","","","","","","","","","","","","","","","","","","","","","","","","","","","","","","","","","","","","","","","","","","","","0.092609498","0.0974062095921647","0.0974062095921647","0.097406","0.096692","0.09669181","0.0966918","",
"Gibraltar","GIB","Marine protected areas (% of territorial waters)","ER.MRN.PTMR.ZS","","","","","","","","","","","","","","","","","","","","","","","","","","","","","","","","","","","","","","","","","","","","","","","","","","","","","","","","","12.889618","12.8217275107356","12.8217275107356","12.82936","0","0","0","",
"Guinea","GIN","Marine protected areas (% of territorial waters)","ER.MRN.PTMR.ZS","","","","","","","","","","","","","","","","","","","","","","","","","","","","","","","","","","","","","","","","","","","","","","","","","","","","","","","","","0.529344095","0.529571455146597","0.529571455146597","0.52957","0.52957","0.52972877","0.5297288","",
"Gambia, The","GMB","Marine protected areas (% of territorial waters)","ER.MRN.PTMR.ZS","","","","","","","","","","","","","","","","","","","","","","","","","","","","","","","","","","","","","","","","","","","","","","","","","","","","","","","","","0.070343584","0.0696771265532355","0.0696771265532355","0.069679","0.60384","0.603840232","0.6038402","",
"Guinea-Bissau","GNB","Marine protected areas (% of territorial waters)","ER.MRN.PTMR.ZS","","","","","","","","","","","","","","","","","","","","","","","","","","","","","","","","","","","","","","","","","","","","","","","","","","","","","","","","","10.00970832","10.0094124457438","10.0094124457438","10.00945","8.988976","8.988976479","8.9889765","",
"Equatorial Guinea","GNQ","Marine protected areas (% of territorial waters)","ER.MRN.PTMR.ZS","","","","","","","","","","","","","","","","","","","","","","","","","","","","","","","","","","","","","","","","","","","","","","","","","","","","","","","","","0.235206631","0.235115094159034","0.235115094159034","0.235115","0.235115","0.235114738","0.2351147","",
"Greece","GRC","Marine protected areas (% of territorial waters)","ER.MRN.PTMR.ZS","","","","","","","","","","","","","","","","","","","","","","","","","","","","","","","","","","","","","","","","","","","","","","","","","","","","","","","","","1.457183473","4.51786536462105","4.51786536462105","4.517861","4.517863","4.51787138","4.5178628","",
"Grenada","GRD","Marine protected areas (% of territorial waters)","ER.MRN.PTMR.ZS","","","","","","","","","","","","","","","","","","","","","","","","","","","","","","","","","","","","","","","","","","","","","","","","","","","","","","","","","0.041854536","0.0862502716404704","0.0862502716404704","0.086252","0.098036","0.098035686","0.0980357","",
"Greenland","GRL","Marine protected areas (% of territorial waters)","ER.MRN.PTMR.ZS","","","","","","","","","","","","","","","","","","","","","","","","","","","","","","","","","","","","","","","","","","","","","","","","","","","","","","","","","4.518723191","4.51873918534929","4.51873918534929","4.51875","4.515592","4.513874531","4.5155921","",
"Guatemala","GTM","Marine protected areas (% of territorial waters)","ER.MRN.PTMR.ZS","","","","","","","","","","","","","","","","","","","","","","","","","","","","","","","","","","","","","","","","","","","","","","","","","","","","","","","","","0.807866388","0.900143643771587","0.900143643771587","0.900141","0.805985","0.805985153","0.8059852","",
"Guam","GUM","Marine protected areas (% of territorial waters)","ER.MRN.PTMR.ZS","","","","","","","","","","","","","","","","","","","","","","","","","","","","","","","","","","","","","","","","","","","","","","","","","","","","","","","","","0.008887348","0.00906741557270616","0.00906741557270616","0.009067","0.018284","0.0197942","0.0197942","",
"Guyana","GUY","Marine protected areas (% of territorial waters)","ER.MRN.PTMR.ZS","","","","","","","","","","","","","","","","","","","","","","","","","","","","","","","","","","","","","","","","","","","","","","","","","","","","","","","","","0.012416916","0.0127123723136723","0.0127123723136723","0.018885","0.018885","0.018885171","0.0188852","",
"High income","HIC","Marine protected areas (% of territorial waters)","ER.MRN.PTMR.ZS","","","","","","","","","","","","","","","","","","","","","","","","","","","","","","","","","","","","","","","","","","","","","","","","","","","","","","","","","22.0405738495507","23.0599965256","23.0177631887777","23.9850097931111","24.735086332204","19.2806650194181","","",
"Hong Kong SAR, China","HKG","Marine protected areas (% of territorial waters)","ER.MRN.PTMR.ZS","","","","","","","","","","","","","","","","","","","","","","","","","","","","","","","","","","","","","","","","","","","","","","","","","","","","","","","","","","","","0","0","","","",
"Honduras","HND","Marine protected areas (% of territorial waters)","ER.MRN.PTMR.ZS","","","","","","","","","","","","","","","","","","","","","","","","","","","","","","","","","","","","","","","","","","","","","","","","","","","","","","","","","4.182820296","4.15706760137244","4.15706760137244","4.157064","4.577913","4.577913284","4.5779133","",
"Heavily indebted poor countries (HIPC)","HPC","Marine protected areas (% of territorial waters)","ER.MRN.PTMR.ZS","","","","","","","","","","","","","","","","","","","","","","","","","","","","","","","","","","","","","","","","","","","","","","","","","","","","","","","","","","","","","","","","",
"Croatia","HRV","Marine protected areas (% of territorial waters)","ER.MRN.PTMR.ZS","","","","","","","","","","","","","","","","","","","","","","","","","","","","","","","","","","","","","","","","","","","","","","","","","","","","","","","","","8.540921417","8.54108490852191","8.54108490852191","8.541029","8.99141","8.987750053","8.9877367","",
"Haiti","HTI","Marine protected areas (% of territorial waters)","ER.MRN.PTMR.ZS","","","","","","","","","","","","","","","","","","","","","","","","","","","","","","","","","","","","","","","","","","","","","","","","","","","","","","","","","","0","0","1.463562","1.463562","1.474483371","1.4744834","",
"Hungary","HUN","Marine protected areas (% of territorial waters)","ER.MRN.PTMR.ZS","","","","","","","","","","","","","","","","","","","","","","","","","","","","","","","","","","","","","","","","","","","","","","","","","","","","","","","","","","","","","","","","",
"IBRD only","IBD","Marine protected areas (% of territorial waters)","ER.MRN.PTMR.ZS","","","","","","","","","","","","","","","","","","","","","","","","","","","","","","","","","","","","","","","","","","","","","","","","","","","","","","","","","2.78298137604261","7.2207037157921","7.22071056502551","7.73264392904139","9.75629564234299","9.679258926699","","",
"IDA & IBRD total","IBT","Marine protected areas (% of territorial waters)","ER.MRN.PTMR.ZS","","","","","","","","","","","","","","","","","","","","","","","","","","","","","","","","","","","","","","","","","","","","","","","","","","","","","","","","","2.84004539534424","6.49822599280031","6.49823632166681","6.95003807645697","8.54533307620839","8.48524293080902","","",
"IDA total","IDA","Marine protected areas (% of territorial waters)","ER.MRN.PTMR.ZS","","","","","","","","","","","","","","","","","","","","","","","","","","","","","","","","","","","","","","","","","","","","","","","","","","","","","","","","","","","","","","","","",
"IDA blend","IDB","Marine protected areas (% of territorial waters)","ER.MRN.PTMR.ZS","","","","","","","","","","","","","","","","","","","","","","","","","","","","","","","","","","","","","","","","","","","","","","","","","","","","","","","","","1.08817889161921","1.08782596706782","1.08782596706782","2.13892622268143","2.03833125213894","2.03833125311487","","",
"Indonesia","IDN","Marine protected areas (% of territorial waters)","ER.MRN.PTMR.ZS","","","","","","","","","","","","","","","","","","","","","","","","","","","","","","","","","","","","","","","","","","","","","","","","","","","","","","","","","2.882554139","3.05732314978845","3.05732314978845","3.057332","3.0576","3.057600498","3.0576005","",
"IDA only","IDX","Marine protected areas (% of territorial waters)","ER.MRN.PTMR.ZS","","","","","","","","","","","","","","","","","","","","","","","","","","","","","","","","","","","","","","","","","","","","","","","","","","","","","","","","","","","","","","","","",
"Isle of Man","IMN","Marine protected areas (% of territorial waters)","ER.MRN.PTMR.ZS","","","","","","","","","","","","","","","","","","","","","","","","","","","","","","","","","","","","","","","","","","","","","","","","","","","","","","","","","0","","","0","0","","","",
"India","IND","Marine protected areas (% of territorial waters)","ER.MRN.PTMR.ZS","","","","","","","","","","","","","","","","","","","","","","","","","","","","","","","","","","","","","","","","","","","","","","","","","","","","","","","","","0.170691586","0.17070584961861","0.17070584961861","0.170706","0.170706","0.240883142","0.2408831","",
"Not classified","INX","Marine protected areas (% of territorial waters)","ER.MRN.PTMR.ZS","","","","","","","","","","","","","","","","","","","","","","","","","","","","","","","","","","","","","","","","","","","","","","","","","","","","","","","","","","","","","","","","",
"Ireland","IRL","Marine protected areas (% of territorial waters)","ER.MRN.PTMR.ZS","","","","","","","","","","","","","","","","","","","","","","","","","","","","","","","","","","","","","","","","","","","","","","","","","","","","","","","","","2.332323504","2.33211062388034","2.33211062388034","2.332142","2.331836","2.331835985","2.3319521","",
"Iran, Islamic Rep.","IRN","Marine protected areas (% of territorial waters)","ER.MRN.PTMR.ZS","","","","","","","","","","","","","","","","","","","","","","","","","","","","","","","","","","","","","","","","","","","","","","","","","","","","","","","","","0.804713155","0.804553421456393","0.804553421456393","0.804555","0.804555","0.80455476","0.8045548","",
"Iraq","IRQ","Marine protected areas (% of territorial waters)","ER.MRN.PTMR.ZS","","","","","","","","","","","","","","","","","","","","","","","","","","","","","","","","","","","","","","","","","","","","","","","","","","","","","","","","","","0","0","0","0","0","0","",
"Iceland","ISL","Marine protected areas (% of territorial waters)","ER.MRN.PTMR.ZS","","","","","","","","","","","","","","","","","","","","","","","","","","","","","","","","","","","","","","","","","","","","","","","","","","","","","","","","","0.380321832","0.380335278189585","0.380335278189585","0.380436","0.421106","0.424580783","0.4272036","",
"Israel","ISR","Marine protected areas (% of territorial waters)","ER.MRN.PTMR.ZS","","","","","","","","","","","","","","","","","","","","","","","","","","","","","","","","","","","","","","","","","","","","","","","","","","","","","","","","","0.032310178","0.0325519366905822","0.0325519366905822","0.032552","0.042507","0.042506821","0.0425068","",
"Italy","ITA","Marine protected areas (% of territorial waters)","ER.MRN.PTMR.ZS","","","","","","","","","","","","","","","","","","","","","","","","","","","","","","","","","","","","","","","","","","","","","","","","","","","","","","","","","8.783571883","8.7946484947005","8.7946484947005","8.77793","9.735907","9.735966682","10.611516","",
"Jamaica","JAM","Marine protected areas (% of territorial waters)","ER.MRN.PTMR.ZS","","","","","","","","","","","","","","","","","","","","","","","","","","","","","","","","","","","","","","","","","","","","","","","","","","","","","","","","","0.754599099","0.754597261190083","0.754597261190083","0.754596","0.754596","0.754464388","0.7716407","",
"Jordan","JOR","Marine protected areas (% of territorial waters)","ER.MRN.PTMR.ZS","","","","","","","","","","","","","","","","","","","","","","","","","","","","","","","","","","","","","","","","","","","","","","","","","","","","","","","","","35.21878335","35.5909103031074","35.5909103031074","35.71784","0.982071","0.982071519","0.9820715","",
"Japan","JPN","Marine protected areas (% of territorial waters)","ER.MRN.PTMR.ZS","","","","","","","","","","","","","","","","","","","","","","","","","","","","","","","","","","","","","","","","","","","","","","","","","","","","","","","","","0.493492038","8.23376220860353","8.23376220860353","8.233762","8.233667","13.89171028","13.8917103","",
"Kazakhstan","KAZ","Marine protected areas (% of territorial waters)","ER.MRN.PTMR.ZS","","","","","","","","","","","","","","","","","","","","","","","","","","","","","","","","","","","","","","","","","","","","","","","","","","","","","","","","","1.049670403","1.04921248631761","1.04921248631761","1.049212","50.72809","50.72809219","50.7280922","",
"Kenya","KEN","Marine protected areas (% of territorial waters)","ER.MRN.PTMR.ZS","","","","","","","","","","","","","","","","","","","","","","","","","","","","","","","","","","","","","","","","","","","","","","","","","","","","","","","","","0.8042676","0.804183961345371","0.804183961345371","0.804181","0.762877","0.762877524","0.7314262","",
"Kyrgyz Republic","KGZ","Marine protected areas (% of territorial waters)","ER.MRN.PTMR.ZS","","","","","","","","","","","","","","","","","","","","","","","","","","","","","","","","","","","","","","","","","","","","","","","","","","","","","","","","","","","","","","","","",
"Cambodia","KHM","Marine protected areas (% of territorial waters)","ER.MRN.PTMR.ZS","","","","","","","","","","","","","","","","","","","","","","","","","","","","","","","","","","","","","","","","","","","","","","","","","","","","","","","","","0.185544615","0.18576737726616","0.18576737726616","0.185768","1.441558","1.441557646","1.4415576","",
"Kiribati","KIR","Marine protected areas (% of territorial waters)","ER.MRN.PTMR.ZS","","","","","","","","","","","","","","","","","","","","","","","","","","","","","","","","","","","","","","","","","","","","","","","","","","","","","","","","","11.81415422","11.8179006386751","11.8179006386751","11.8179","11.8179","11.81516457","11.8151646","",
"St. Kitts and Nevis","KNA","Marine protected areas (% of territorial waters)","ER.MRN.PTMR.ZS","","","","","","","","","","","","","","","","","","","","","","","","","","","","","","","","","","","","","","","","","","","","","","","","","","","","","","","","","0.165645188","0.169900821555798","0.169900821555798","3.977533","3.977533","3.977533102","3.9775331","",
"Korea, Rep.","KOR","Marine protected areas (% of territorial waters)","ER.MRN.PTMR.ZS","","","","","","","","","","","","","","","","","","","","","","","","","","","","","","","","","","","","","","","","","","","","","","","","","","","","","","","","","1.630492643","1.63364032173735","1.63364032173735","2.430444","2.455245","2.455245018","2.455245","",
"Kuwait","KWT","Marine protected areas (% of territorial waters)","ER.MRN.PTMR.ZS","","","","","","","","","","","","","","","","","","","","","","","","","","","","","","","","","","","","","","","","","","","","","","","","","","","","","","","","","1.479513778","1.47927564445082","1.47927564445082","1.364254","1.364254","1.364254355","1.3642544","",
"Latin America & Caribbean (excluding high income)","LAC","Marine protected areas (% of territorial waters)","ER.MRN.PTMR.ZS","","","","","","","","","","","","","","","","","","","","","","","","","","","","","","","","","","","","","","","","","","","","","","","","","","","","","","","","","2.31233695993969","18.2913806570277","18.2913805841199","19.5819574711329","19.6958561972349","19.6958718090479","","",
"Lao PDR","LAO","Marine protected areas (% of territorial waters)","ER.MRN.PTMR.ZS","","","","","","","","","","","","","","","","","","","","","","","","","","","","","","","","","","","","","","","","","","","","","","","","","","","","","","","","","","","","","","","","",
"Lebanon","LBN","Marine protected areas (% of territorial waters)","ER.MRN.PTMR.ZS","","","","","","","","","","","","","","","","","","","","","","","","","","","","","","","","","","","","","","","","","","","","","","","","","","","","","","","","","0.212261465","0.21142857872149","0.21142857872149","0.21143","0.21143","0.225288525","0.2252885","",
"Liberia","LBR","Marine protected areas (% of territorial waters)","ER.MRN.PTMR.ZS","","","","","","","","","","","","","","","","","","","","","","","","","","","","","","","","","","","","","","","","","","","","","","","","","","","","","","","","","0.101708173","0.10334249125498","0.10334249125498","0.103343","0.103343","0.103342623","0.1033426","",
"Libya","LBY","Marine protected areas (% of territorial waters)","ER.MRN.PTMR.ZS","","","","","","","","","","","","","","","","","","","","","","","","","","","","","","","","","","","","","","","","","","","","","","","","","","","","","","","","","0.636498998","0.636429927635224","0.636429927635224","0.636429","0.633679","0.633679271","0.6336793","",
"St. Lucia","LCA","Marine protected areas (% of territorial waters)","ER.MRN.PTMR.ZS","","","","","","","","","","","","","","","","","","","","","","","","","","","","","","","","","","","","","","","","","","","","","","","","","","","","","","","","","0.218504785","0.218554217784975","0.218554217784975","0.21855","0.21855","0.218549892","0.2185499","",
"Latin America & Caribbean","LCN","Marine protected areas (% of territorial waters)","ER.MRN.PTMR.ZS","","","","","","","","","","","","","","","","","","","","","","","","","","","","","","","","","","","","","","","","","","","","","","","","","","","","","","","","","2.73499648802422","17.5376233663056","17.5376233415847","19.1776306491561","19.3648152559719","19.4253302966495","","",
"Least developed countries: UN classification","LDC","Marine protected areas (% of territorial waters)","ER.MRN.PTMR.ZS","","","","","","","","","","","","","","","","","","","","","","","","","","","","","","","","","","","","","","","","","","","","","","","","","","","","","","","","","","","","","","","","",
"Low income","LIC","Marine protected areas (% of territorial waters)","ER.MRN.PTMR.ZS","","","","","","","","","","","","","","","","","","","","","","","","","","","","","","","","","","","","","","","","","","","","","","","","","","","","","","","","","","","","","","","","",
"Liechtenstein","LIE","Marine protected areas (% of territorial waters)","ER.MRN.PTMR.ZS","","","","","","","","","","","","","","","","","","","","","","","","","","","","","","","","","","","","","","","","","","","","","","","","","","","","","","","","","","","","","","","","",
"Sri Lanka","LKA","Marine protected areas (% of territorial waters)","ER.MRN.PTMR.ZS","","","","","","","","","","","","","","","","","","","","","","","","","","","","","","","","","","","","","","","","","","","","","","","","","","","","","","","","","0.07470721","0.0746256541871951","0.0746256541871951","0.074626","0.074626","0.074625649","0.0746256","",
"Lower middle income","LMC","Marine protected areas (% of territorial waters)","ER.MRN.PTMR.ZS","","","","","","","","","","","","","","","","","","","","","","","","","","","","","","","","","","","","","","","","","","","","","","","","","","","","","","","","","1.32612595607082","1.41650074806007","1.41641896447483","1.54856881316975","1.39705413510566","1.60302713173883","","",
"Low & middle income","LMY","Marine protected areas (% of territorial waters)","ER.MRN.PTMR.ZS","","","","","","","","","","","","","","","","","","","","","","","","","","","","","","","","","","","","","","","","","","","","","","","","","","","","","","","","","2.65318051808146","6.23399899146904","6.23400622785045","6.58457441017789","8.21167703698684","8.1357188573897","","",
"Lesotho","LSO","Marine protected areas (% of territorial waters)","ER.MRN.PTMR.ZS","","","","","","","","","","","","","","","","","","","","","","","","","","","","","","","","","","","","","","","","","","","","","","","","","","","","","","","","","","","","","","","","",
"Late-demographic dividend","LTE","Marine protected areas (% of territorial waters)","ER.MRN.PTMR.ZS","","","","","","","","","","","","","","","","","","","","","","","","","","","","","","","","","","","","","","","","","","","","","","","","","","","","","","","","","3.01036420747895","8.98587259339922","8.9858906407478","9.20177379952916","12.401895993889","12.1355402056557","","",
"Lithuania","LTU","Marine protected areas (% of territorial waters)","ER.MRN.PTMR.ZS","","","","","","","","","","","","","","","","","","","","","","","","","","","","","","","","","","","","","","","","","","","","","","","","","","","","","","","","","21.51590839","25.5910267323495","25.5910267323495","25.59247","25.59247","25.59327126","25.5924759","",
"Luxembourg","LUX","Marine protected areas (% of territorial waters)","ER.MRN.PTMR.ZS","","","","","","","","","","","","","","","","","","","","","","","","","","","","","","","","","","","","","","","","","","","","","","","","","","","","","","","","","","","","","","","","",
"Latvia","LVA","Marine protected areas (% of territorial waters)","ER.MRN.PTMR.ZS","","","","","","","","","","","","","","","","","","","","","","","","","","","","","","","","","","","","","","","","","","","","","","","","","","","","","","","","","16.03554066","16.0363617853212","16.0363617853212","16.03661","16.03789","16.03735733","16.0392818","",
"Macao SAR, China","MAC","Marine protected areas (% of territorial waters)","ER.MRN.PTMR.ZS","","","","","","","","","","","","","","","","","","","","","","","","","","","","","","","","","","","","","","","","","","","","","","","","","","","","","","","","","","","","","","","","",
"St. Martin (French part)","MAF","Marine protected areas (% of territorial waters)","ER.MRN.PTMR.ZS","","","","","","","","","","","","","","","","","","","","","","","","","","","","","","","","","","","","","","","","","","","","","","","","","","","","","","","","","96.56592121","96.4019006131393","96.4019006131393","96.42516","96.42509","96.42507935","96.4250793","",
"Morocco","MAR","Marine protected areas (% of territorial waters)","ER.MRN.PTMR.ZS","","","","","","","","","","","","","","","","","","","","","","","","","","","","","","","","","","","","","","","","","","","","","","","","","","","","","","","","","0.460641915","0.259984460474417","0.259984460474417","0.259984","0.689612","0.67562151","0.6756215","",
"Monaco","MCO","Marine protected areas (% of territorial waters)","ER.MRN.PTMR.ZS","","","","","","","","","","","","","","","","","","","","","","","","","","","","","","","","","","","","","","","","","","","","","","","","","","","","","","","","","99.92962702","99.8319954581051","99.8319954581051","99.75462","99.75462","99.71312714","99.7131271","",
"Moldova","MDA","Marine protected areas (% of territorial waters)","ER.MRN.PTMR.ZS","","","","","","","","","","","","","","","","","","","","","","","","","","","","","","","","","","","","","","","","","","","","","","","","","","","","","","","","","","","","","","","","",
"Madagascar","MDG","Marine protected areas (% of territorial waters)","ER.MRN.PTMR.ZS","","","","","","","","","","","","","","","","","","","","","","","","","","","","","","","","","","","","","","","","","","","","","","","","","","","","","","","","","0.357265832","0.746184480636302","0.746184480636302","0.746185","0.913728","0.91372788","0.9137279","",
"Maldives","MDV","Marine protected areas (% of territorial waters)","ER.MRN.PTMR.ZS","","","","","","","","","","","","","","","","","","","","","","","","","","","","","","","","","","","","","","","","","","","","","","","","","","","","","","","","","0.048692672","0.0515050354543078","0.0515050354543078","0.051505","0.067595","0.067595109","0.0675951","",
"Middle East & North Africa","MEA","Marine protected areas (% of territorial waters)","ER.MRN.PTMR.ZS","","","","","","","","","","","","","","","","","","","","","","","","","","","","","","","","","","","","","","","","","","","","","","","","","","","","","","","","","1.39688538082839","1.58268498053276","1.58268498053276","1.5835277911812","1.32612257808872","1.33121064696709","","",
"Mexico","MEX","Marine protected areas (% of territorial waters)","ER.MRN.PTMR.ZS","","","","","","","","","","","","","","","","","","","","","","","","","","","","","","","","","","","","","","","","","","","","","","","","","","","","","","","","","2.251405222","21.7820205104146","21.7820205104146","21.5534","21.55339","21.55339432","21.5555801","",
"Marshall Islands","MHL","Marine protected areas (% of territorial waters)","ER.MRN.PTMR.ZS","","","","","","","","","","","","","","","","","","","","","","","","","","","","","","","","","","","","","","","","","","","","","","","","","","","","","","","","","0.268783505","0.268803312449119","0.268803312449119","0.268803","0.268803","0.268803269","0.2688033","",
"Middle income","MIC","Marine protected areas (% of territorial waters)","ER.MRN.PTMR.ZS","","","","","","","","","","","","","","","","","","","","","","","","","","","","","","","","","","","","","","","","","","","","","","","","","","","","","","","","","2.44497574102029","6.35800352647168","6.35801275266153","6.74060518003307","8.5872843133708","8.50264606984818","","",
"North Macedonia","MKD","Marine protected areas (% of territorial waters)","ER.MRN.PTMR.ZS","","","","","","","","","","","","","","","","","","","","","","","","","","","","","","","","","","","","","","","","","","","","","","","","","","","","","","","","","","","","","","","","",
"Mali","MLI","Marine protected areas (% of territorial waters)","ER.MRN.PTMR.ZS","","","","","","","","","","","","","","","","","","","","","","","","","","","","","","","","","","","","","","","","","","","","","","","","","","","","","","","","","","","","","","","","",
"Malta","MLT","Marine protected areas (% of territorial waters)","ER.MRN.PTMR.ZS","","","","","","","","","","","","","","","","","","","","","","","","","","","","","","","","","","","","","","","","","","","","","","","","","","","","","","","","","6.264284958","6.270051159836","6.270051159836","7.444799","7.44494","7.444803238","7.4449396","",
"Myanmar","MMR","Marine protected areas (% of territorial waters)","ER.MRN.PTMR.ZS","","","","","","","","","","","","","","","","","","","","","","","","","","","","","","","","","","","","","","","","","","","","","","","","","","","","","","","","","0.052319647","2.32704768669274","2.32704768669274","0.477839","0.477839","0.477839023","0.477839","",
"Middle East & North Africa (excluding high income)","MNA","Marine protected areas (% of territorial waters)","ER.MRN.PTMR.ZS","","","","","","","","","","","","","","","","","","","","","","","","","","","","","","","","","","","","","","","","","","","","","","","","","","","","","","","","","1.381625914031","1.30563128087114","1.30563128087114","1.30691652816576","0.969702271945675","0.969006458206692","","",
"Montenegro","MNE","Marine protected areas (% of territorial waters)","ER.MRN.PTMR.ZS","","","","","","","","","","","","","","","","","","","","","","","","","","","","","","","","","","","","","","","","","","","","","","","","","","","","","","","","","","0.0012194317877657","0.0012194317877657","0.139914","0.072146","0.072145797","0.5798241","",
"Mongolia","MNG","Marine protected areas (% of territorial waters)","ER.MRN.PTMR.ZS","","","","","","","","","","","","","","","","","","","","","","","","","","","","","","","","","","","","","","","","","","","","","","","","","","","","","","","","","","","","","","","","",
"Northern Mariana Islands","MNP","Marine protected areas (% of territorial waters)","ER.MRN.PTMR.ZS","","","","","","","","","","","","","","","","","","","","","","","","","","","","","","","","","","","","","","","","","","","","","","","","","","","","","","","","","33.22808145","33.2506864536383","33.2506864536383","33.25069","31.96741","33.15604401","33.156044","",
"Mozambique","MOZ","Marine protected areas (% of territorial waters)","ER.MRN.PTMR.ZS","","","","","","","","","","","","","","","","","","","","","","","","","","","","","","","","","","","","","","","","","","","","","","","","","","","","","","","","","2.232030941","2.23203079290958","2.23203079290958","2.232032","2.145914","2.145914078","2.1459141","",
"Mauritania","MRT","Marine protected areas (% of territorial waters)","ER.MRN.PTMR.ZS","","","","","","","","","","","","","","","","","","","","","","","","","","","","","","","","","","","","","","","","","","","","","","","","","","","","","","","","","4.153705011","4.15343412031411","4.15343412031411","4.153438","4.153438","4.153437614","4.1534376","",
"Mauritius","MUS","Marine protected areas (% of territorial waters)","ER.MRN.PTMR.ZS","","","","","","","","","","","","","","","","","","","","","","","","","","","","","","","","","","","","","","","","","","","","","","","","","","","","","","","","","0.003906042","0.00387822523923533","0.00387822523923533","0.003878","0.003878","0.003878224","0.0038782","",
"Malawi","MWI","Marine protected areas (% of territorial waters)","ER.MRN.PTMR.ZS","","","","","","","","","","","","","","","","","","","","","","","","","","","","","","","","","","","","","","","","","","","","","","","","","","","","","","","","","","","","","","","","",
"Malaysia","MYS","Marine protected areas (% of territorial waters)","ER.MRN.PTMR.ZS","","","","","","","","","","","","","","","","","","","","","","","","","","","","","","","","","","","","","","","","","","","","","","","","","","","","","","","","","1.407442088","1.54462068653388","1.54462068653388","1.544437","3.305017","5.556128502","5.5561285","",
"North America","NAC","Marine protected areas (% of territorial waters)","ER.MRN.PTMR.ZS","","","","","","","","","","","","","","","","","","","","","","","","","","","","","","","","","","","","","","","","","","","","","","","","","","","","","","","","","20.9236431522185","20.9109200621673","20.9109200621673","21.9309480150156","23.0390642361862","12.7897832624985","","",
"Namibia","NAM","Marine protected areas (% of territorial waters)","ER.MRN.PTMR.ZS","","","","","","","","","","","","","","","","","","","","","","","","","","","","","","","","","","","","","","","","","","","","","","","","","","","","","","","","","1.714150861","1.71419850958611","1.71419850958611","1.7142","1.7142","1.714199662","1.7141997","",
"New Caledonia","NCL","Marine protected areas (% of territorial waters)","ER.MRN.PTMR.ZS","","","","","","","","","","","","","","","","","","","","","","","","","","","","","","","","","","","","","","","","","","","","","","","","","","","","","","","","","96.34122446","96.5933353380651","96.5933353380651","96.26025","96.26025","96.26024628","96.2602463","",
"Niger","NER","Marine protected areas (% of territorial waters)","ER.MRN.PTMR.ZS","","","","","","","","","","","","","","","","","","","","","","","","","","","","","","","","","","","","","","","","","","","","","","","","","","","","","","","","","","","","","","","","",
"Nigeria","NGA","Marine protected areas (% of territorial waters)","ER.MRN.PTMR.ZS","","","","","","","","","","","","","","","","","","","","","","","","","","","","","","","","","","","","","","","","","","","","","","","","","","","","","","","","","0.0169521","0.0167093086853826","0.0167093086853826","0.016709","0.016709","0.016709292","0.0167093","",
"Nicaragua","NIC","Marine protected areas (% of territorial waters)","ER.MRN.PTMR.ZS","","","","","","","","","","","","","","","","","","","","","","","","","","","","","","","","","","","","","","","","","","","","","","","","","","","","","","","","","2.930758541","2.97423143422297","2.97423143422297","2.974228","3.392359","3.39235878","3.3923588","",
"Netherlands","NLD","Marine protected areas (% of territorial waters)","ER.MRN.PTMR.ZS","","","","","","","","","","","","","","","","","","","","","","","","","","","","","","","","","","","","","","","","","","","","","","","","","","","","","","","","","21.49053812","26.674686164467","26.674686164467","26.86234","26.86295","26.85873413","26.8632526","",
"Norway","NOR","Marine protected areas (% of territorial waters)","ER.MRN.PTMR.ZS","","","","","","","","","","","","","","","","","","","","","","","","","","","","","","","","","","","","","","","","","","","","","","","","","","","","","","","","","0.746612096","0.830781615307169","0.830781615307169","0.833068","1.534445","9.948864937","9.8145514","",
"Nepal","NPL","Marine protected areas (% of territorial waters)","ER.MRN.PTMR.ZS","","","","","","","","","","","","","","","","","","","","","","","","","","","","","","","","","","","","","","","","","","","","","","","","","","","","","","","","","","","","","","","","",
"Nauru","NRU","Marine protected areas (% of territorial waters)","ER.MRN.PTMR.ZS","","","","","","","","","","","","","","","","","","","","","","","","","","","","","","","","","","","","","","","","","","","","","","","","","","","","","","","","","","","","","","0","0","",
"New Zealand","NZL","Marine protected areas (% of territorial waters)","ER.MRN.PTMR.ZS","","","","","","","","","","","","","","","","","","","","","","","","","","","","","","","","","","","","","","","","","","","","","","","","","","","","","","","","","30.34299947","30.3711096049962","30.3711096049962","30.42272","30.42154","30.42153931","30.4215393","",
"OECD members","OED","Marine protected areas (% of territorial waters)","ER.MRN.PTMR.ZS","","","","","","","","","","","","","","","","","","","","","","","","","","","","","","","","","","","","","","","","","","","","","","","","","","","","","","","","","21.92082745415","24.2527458132885","24.2112077383245","25.1679829174322","25.9044777178899","20.2982891972861","","",
"Oman","OMN","Marine protected areas (% of territorial waters)","ER.MRN.PTMR.ZS","","","","","","","","","","","","","","","","","","","","","","","","","","","","","","","","","","","","","","","","","","","","","","","","","","","","","","","","","0.12319562","0.123193766688499","0.123193766688499","0.123194","0.123194","0.329986572","0.3299866","",
"Other small states","OSS","Marine protected areas (% of territorial waters)","ER.MRN.PTMR.ZS","","","","","","","","","","","","","","","","","","","","","","","","","","","","","","","","","","","","","","","","","","","","","","","","","","","","","","","","","2.13799795496447","7.42455386420288","7.42455906165516","7.43173484129801","7.48376162426107","7.48398913958431","","",
"Pakistan","PAK","Marine protected areas (% of territorial waters)","ER.MRN.PTMR.ZS","","","","","","","","","","","","","","","","","","","","","","","","","","","","","","","","","","","","","","","","","","","","","","","","","","","","","","","","","0.766350953","0.766529034487532","0.766529034487532","0.766529","0.766529","0.766529322","0.7665293","",
"Panama","PAN","Marine protected areas (% of territorial waters)","ER.MRN.PTMR.ZS","","","","","","","","","","","","","","","","","","","","","","","","","","","","","","","","","","","","","","","","","","","","","","","","","","","","","","","","","1.681379615","1.68141684962454","1.68141684962454","1.681414","11.5708","26.84472847","26.8447285","",
"Peru","PER","Marine protected areas (% of territorial waters)","ER.MRN.PTMR.ZS","","","","","","","","","","","","","","","","","","","","","","","","","","","","","","","","","","","","","","","","","","","","","","","","","","","","","","","","","0.480837131","0.481531062400898","0.481531062400898","0.481531","0.481531","0.481531292","7.9589729","",
"Philippines","PHL","Marine protected areas (% of territorial waters)","ER.MRN.PTMR.ZS","","","","","","","","","","","","","","","","","","","","","","","","","","","","","","","","","","","","","","","","","","","","","","","","","","","","","","","","","1.159055757","1.15906292876311","1.15906292876311","1.159064","1.159064","1.744403958","1.744404","",
"Palau","PLW","Marine protected areas (% of territorial waters)","ER.MRN.PTMR.ZS","","","","","","","","","","","","","","","","","","","","","","","","","","","","","","","","","","","","","","","","","","","","","","","","","","","","","","","","","82.98527096","82.987627518726","82.987627518726","100","100","100","100","",
"Papua New Guinea","PNG","Marine protected areas (% of territorial waters)","ER.MRN.PTMR.ZS","","","","","","","","","","","","","","","","","","","","","","","","","","","","","","","","","","","","","","","","","","","","","","","","","","","","","","","","","0.190497411","0.190475345710919","0.190475345710919","0.138886","0.138886","0.138885811","0.1388858","",
"Poland","POL","Marine protected areas (% of territorial waters)","ER.MRN.PTMR.ZS","","","","","","","","","","","","","","","","","","","","","","","","","","","","","","","","","","","","","","","","","","","","","","","","","","","","","","","","","22.57274867","22.5718228259043","22.5718228259043","22.57243","22.57247","22.57246971","22.5724697","",
"Pre-demographic dividend","PRE","Marine protected areas (% of territorial waters)","ER.MRN.PTMR.ZS","","","","","","","","","","","","","","","","","","","","","","","","","","","","","","","","","","","","","","","","","","","","","","","","","","","","","","","","","","","","","","","","",
"Puerto Rico","PRI","Marine protected areas (% of territorial waters)","ER.MRN.PTMR.ZS","","","","","","","","","","","","","","","","","","","","","","","","","","","","","","","","","","","","","","","","","","","","","","","","","","","","","","","","","1.746109145","1.74720503989319","1.74720503989319","1.747204","1.813428","1.817150354","1.8171504","",
"Korea, Dem. People's Rep.","PRK","Marine protected areas (% of territorial waters)","ER.MRN.PTMR.ZS","","","","","","","","","","","","","","","","","","","","","","","","","","","","","","","","","","","","","","","","","","","","","","","","","","","","","","","","","0.022420113","0.0220855166086922","0.0220855166086922","0.022085","0.022085","0.022085465","0.0220855","",
"Portugal","PRT","Marine protected areas (% of territorial waters)","ER.MRN.PTMR.ZS","","","","","","","","","","","","","","","","","","","","","","","","","","","","","","","","","","","","","","","","","","","","","","","","","","","","","","","","","8.356609453","16.5639347523567","16.5639347523567","16.5646","16.81832","16.81914139","16.9033108","",
"Paraguay","PRY","Marine protected areas (% of territorial waters)","ER.MRN.PTMR.ZS","","","","","","","","","","","","","","","","","","","","","","","","","","","","","","","","","","","","","","","","","","","","","","","","","","","","","","","","","","","","","","","","",
"West Bank and Gaza","PSE","Marine protected areas (% of territorial waters)","ER.MRN.PTMR.ZS","","","","","","","","","","","","","","","","","","","","","","","","","","","","","","","","","","","","","","","","","","","","","","","","","","","","","","","","","","","","","","","","",
"Pacific island small states","PSS","Marine protected areas (% of territorial waters)","ER.MRN.PTMR.ZS","","","","","","","","","","","","","","","","","","","","","","","","","","","","","","","","","","","","","","","","","","","","","","","","","","","","","","","","","1.06815911842669","1.0683910239058","1.0683910239058","1.17131643681867","1.17381104084139","1.17341644281796","","",
"Post-demographic dividend","PST","Marine protected areas (% of territorial waters)","ER.MRN.PTMR.ZS","","","","","","","","","","","","","","","","","","","","","","","","","","","","","","","","","","","","","","","","","","","","","","","","","","","","","","","","","24.198710419393","24.7485217293149","24.7018152068082","25.5095498974811","26.3367376383664","20.0955649198134","","",
"French Polynesia","PYF","Marine protected areas (% of territorial waters)","ER.MRN.PTMR.ZS","","","","","","","","","","","","","","","","","","","","","","","","","","","","","","","","","","","","","","","","","","","","","","","","","","","","","","","","","0.004316575","0.00431538936782624","0.00431538936782624","0.004315","0.004315","0.042181484","0.0421815","",
"Qatar","QAT","Marine protected areas (% of territorial waters)","ER.MRN.PTMR.ZS","","","","","","","","","","","","","","","","","","","","","","","","","","","","","","","","","","","","","","","","","","","","","","","","","","","","","","","","","0.181319695","1.68232793319086","1.68232793319086","1.682346","2.292062","2.292061567","2.2920616","",
"Romania","ROU","Marine protected areas (% of territorial waters)","ER.MRN.PTMR.ZS","","","","","","","","","","","","","","","","","","","","","","","","","","","","","","","","","","","","","","","","","","","","","","","","","","","","","","","","","8.426852898","23.0963049640615","23.0963049640615","23.09595","23.09858","23.09858322","23.0985832","",
"Russian Federation","RUS","Marine protected areas (% of territorial waters)","ER.MRN.PTMR.ZS","","","","","","","","","","","","","","","","","","","","","","","","","","","","","","","","","","","","","","","","","","","","","","","","","","","","","","","","","2.974555675","2.97456010539994","2.97456010539994","2.97456","2.97456","2.243342161","2.2433422","",
"Rwanda","RWA","Marine protected areas (% of territorial waters)","ER.MRN.PTMR.ZS","","","","","","","","","","","","","","","","","","","","","","","","","","","","","","","","","","","","","","","","","","","","","","","","","","","","","","","","","","","","","","","","",
"South Asia","SAS","Marine protected areas (% of territorial waters)","ER.MRN.PTMR.ZS","","","","","","","","","","","","","","","","","","","","","","","","","","","","","","","","","","","","","","","","","","","","","","","","","","","","","","","","","0.457762767729621","0.458209837695856","0.457745802496206","0.457737426650748","0.457738550034444","0.511427003432637","","",
"Saudi Arabia","SAU","Marine protected areas (% of territorial waters)","ER.MRN.PTMR.ZS","","","","","","","","","","","","","","","","","","","","","","","","","","","","","","","","","","","","","","","","","","","","","","","","","","","","","","","","","1.526743887","2.49410110479624","2.49410110479624","2.494099","2.494099","2.494098663","2.4940987","",
"Sudan","SDN","Marine protected areas (% of territorial waters)","ER.MRN.PTMR.ZS","","","","","","","","","","","","","","","","","","","","","","","","","","","","","","","","","","","","","","","","","","","","","","","","","","","","","","","","","15.9645193","15.9643552354566","15.9643552354566","15.96444","15.96444","15.96443939","15.9644394","",
"Senegal","SEN","Marine protected areas (% of territorial waters)","ER.MRN.PTMR.ZS","","","","","","","","","","","","","","","","","","","","","","","","","","","","","","","","","","","","","","","","","","","","","","","","","","","","","","","","","1.102720254","1.11482648349117","1.11482648349117","1.114824","1.114824","1.851562619","1.8515626","",
"Singapore","SGP","Marine protected areas (% of territorial waters)","ER.MRN.PTMR.ZS","","","","","","","","","","","","","","","","","","","","","","","","","","","","","","","","","","","","","","","","","","","","","","","","","","","","","","","","","","0.0131785692156559","0.0131785692156559","0.013184","0.013184","0.013184012","0.013184","",
"Solomon Islands","SLB","Marine protected areas (% of territorial waters)","ER.MRN.PTMR.ZS","","","","","","","","","","","","","","","","","","","","","","","","","","","","","","","","","","","","","","","","","","","","","","","","","","","","","","","","","0.118030274","0.118055184897544","0.118055184897544","0.11675","0.11675","0.116749495","0.1167495","",
"Sierra Leone","SLE","Marine protected areas (% of territorial waters)","ER.MRN.PTMR.ZS","","","","","","","","","","","","","","","","","","","","","","","","","","","","","","","","","","","","","","","","","","","","","","","","","","","","","","","","","0.537853547","0.537561270535741","0.537561270535741","0.537563","0.537563","1.627439499","1.6274395","",
"El Salvador","SLV","Marine protected areas (% of territorial waters)","ER.MRN.PTMR.ZS","","","","","","","","","","","","","","","","","","","","","","","","","","","","","","","","","","","","","","","","","","","","","","","","","","","","","","","","","0.705660137","0.705446690690414","0.705446690690414","0.705446","0.707033","0.707033455","0.7070335","",
"San Marino","SMR","Marine protected areas (% of territorial waters)","ER.MRN.PTMR.ZS","","","","","","","","","","","","","","","","","","","","","","","","","","","","","","","","","","","","","","","","","","","","","","","","","","","","","","","","","","","","","","","","",
"Somalia","SOM","Marine protected areas (% of territorial waters)","ER.MRN.PTMR.ZS","","","","","","","","","","","","","","","","","","","","","","","","","","","","","","","","","","","","","","","","","","","","","","","","","","","","","","","","","","","","","0","0","0","",
"Serbia","SRB","Marine protected areas (% of territorial waters)","ER.MRN.PTMR.ZS","","","","","","","","","","","","","","","","","","","","","","","","","","","","","","","","","","","","","","","","","","","","","","","","","","","","","","","","","","","","","","","","",
"Sub-Saharan Africa (excluding high income)","SSA","Marine protected areas (% of territorial waters)","ER.MRN.PTMR.ZS","","","","","","","","","","","","","","","","","","","","","","","","","","","","","","","","","","","","","","","","","","","","","","","","","","","","","","","","","","","","","","","","",
"South Sudan","SSD","Marine protected areas (% of territorial waters)","ER.MRN.PTMR.ZS","","","","","","","","","","","","","","","","","","","","","","","","","","","","","","","","","","","","","","","","","","","","","","","","","","","","","","","","","","","","","","","","",
"Sub-Saharan Africa","SSF","Marine protected areas (% of territorial waters)","ER.MRN.PTMR.ZS","","","","","","","","","","","","","","","","","","","","","","","","","","","","","","","","","","","","","","","","","","","","","","","","","","","","","","","","","","","","","","","","",
"Small states","SST","Marine protected areas (% of territorial waters)","ER.MRN.PTMR.ZS","","","","","","","","","","","","","","","","","","","","","","","","","","","","","","","","","","","","","","","","","","","","","","","","","","","","","","","","","1.87522978280437","5.83004257457068","5.8300455705303","5.84004787171623","5.88986978505291","5.88997813010957","","",
"Sao Tome and Principe","STP","Marine protected areas (% of territorial waters)","ER.MRN.PTMR.ZS","","","","","","","","","","","","","","","","","","","","","","","","","","","","","","","","","","","","","","","","","","","","","","","","","","","","","","","","","0.026573694","0.0267864929962601","0.0267864929962601","0.026786","0.026786","0.026786458","0.0267865","",
"Suriname","SUR","Marine protected areas (% of territorial waters)","ER.MRN.PTMR.ZS","","","","","","","","","","","","","","","","","","","","","","","","","","","","","","","","","","","","","","","","","","","","","","","","","","","","","","","","","1.543279605","1.54322371356405","1.54322371356405","1.543224","1.543224","1.543223858","1.5432239","",
"Slovak Republic","SVK","Marine protected areas (% of territorial waters)","ER.MRN.PTMR.ZS","","","","","","","","","","","","","","","","","","","","","","","","","","","","","","","","","","","","","","","","","","","","","","","","","","","","","","","","","","","","","","","","",
"Slovenia","SVN","Marine protected areas (% of territorial waters)","ER.MRN.PTMR.ZS","","","","","","","","","","","","","","","","","","","","","","","","","","","","","","","","","","","","","","","","","","","","","","","","","","","","","","","","","100","100","","100","2.313674","2.31366992","2.324218","",
"Sweden","SWE","Marine protected areas (% of territorial waters)","ER.MRN.PTMR.ZS","","","","","","","","","","","","","","","","","","","","","","","","","","","","","","","","","","","","","","","","","","","","","","","","","","","","","","","","","8.204257955","15.2131849830871","15.2131849830871","15.36861","15.37623","15.76342773","15.8150454","",
"Eswatini","SWZ","Marine protected areas (% of territorial waters)","ER.MRN.PTMR.ZS","","","","","","","","","","","","","","","","","","","","","","","","","","","","","","","","","","","","","","","","","","","","","","","","","","","","","","","","","","","","","","","","",
"Sint Maarten (Dutch part)","SXM","Marine protected areas (% of territorial waters)","ER.MRN.PTMR.ZS","","","","","","","","","","","","","","","","","","","","","","","","","","","","","","","","","","","","","","","","","","","","","","","","","","","","","","","","","5.427135678","8.69125972364776","8.69125972364776","8.699403","8.699418","8.699419975","8.69942","",
"Seychelles","SYC","Marine protected areas (% of territorial waters)","ER.MRN.PTMR.ZS","","","","","","","","","","","","","","","","","","","","","","","","","","","","","","","","","","","","","","","","","","","","","","","","","","","","","","","","","0.036096789","0.0361027859453036","0.0361027859453036","15.65658","32.81502","32.8150177","32.8150177","",
"Syrian Arab Republic","SYR","Marine protected areas (% of territorial waters)","ER.MRN.PTMR.ZS","","","","","","","","","","","","","","","","","","","","","","","","","","","","","","","","","","","","","","","","","","","","","","","","","","","","","","","","","0.245011565","0.246979556483572","0.246979556483572","0.246989","0.246989","0.246988833","0.2469888","",
"Turks and Caicos Islands","TCA","Marine protected areas (% of territorial waters)","ER.MRN.PTMR.ZS","","","","","","","","","","","","","","","","","","","","","","","","","","","","","","","","","","","","","","","","","","","","","","","","","","","","","","","","","0.09724965","0.0971332601341424","0.0971332601341424","0.097133","0.097133","0.097133152","0.0971332","",
"Chad","TCD","Marine protected areas (% of territorial waters)","ER.MRN.PTMR.ZS","","","","","","","","","","","","","","","","","","","","","","","","","","","","","","","","","","","","","","","","","","","","","","","","","","","","","","","","","","","","","","","","",
"East Asia & Pacific (IDA & IBRD countries)","TEA","Marine protected areas (% of territorial waters)","ER.MRN.PTMR.ZS","","","","","","","","","","","","","","","","","","","","","","","","","","","","","","","","","","","","","","","","","","","","","","","","","","","","","","","","","3.04827047240803","4.27450266523856","4.27451494638856","4.18618571527255","4.37960868240705","4.44624425259343","","",
"Europe & Central Asia (IDA & IBRD countries)","TEC","Marine protected areas (% of territorial waters)","ER.MRN.PTMR.ZS","","","","","","","","","","","","","","","","","","","","","","","","","","","","","","","","","","","","","","","","","","","","","","","","","","","","","","","","","3.0132716586245","3.15864249307366","3.15865104499044","3.15891898669697","9.12399838540775","8.78536679009954","","",
"Togo","TGO","Marine protected areas (% of territorial waters)","ER.MRN.PTMR.ZS","","","","","","","","","","","","","","","","","","","","","","","","","","","","","","","","","","","","","","","","","","","","","","","","","","","","","","","","","0.199730686","0.199648310814398","0.199648310814398","0.199649","0.199649","0.199649096","0.1996491","",
"Thailand","THA","Marine protected areas (% of territorial waters)","ER.MRN.PTMR.ZS","","","","","","","","","","","","","","","","","","","","","","","","","","","","","","","","","","","","","","","","","","","","","","","","","","","","","","","","","1.881452831","1.88138445843919","1.88138445843919","1.881387","4.370125","4.443102837","4.4431028","",
"Tajikistan","TJK","Marine protected areas (% of territorial waters)","ER.MRN.PTMR.ZS","","","","","","","","","","","","","","","","","","","","","","","","","","","","","","","","","","","","","","","","","","","","","","","","","","","","","","","","","","","","","","","","",
"Turkmenistan","TKM","Marine protected areas (% of territorial waters)","ER.MRN.PTMR.ZS","","","","","","","","","","","","","","","","","","","","","","","","","","","","","","","","","","","","","","","","","","","","","","","","","","","","","","","","","2.994150365","2.99386284449424","2.99386284449424","2.993857","2.993857","2.993856668","2.9938567","",
"Latin America & the Caribbean (IDA & IBRD countries)","TLA","Marine protected areas (% of territorial waters)","ER.MRN.PTMR.ZS","","","","","","","","","","","","","","","","","","","","","","","","","","","","","","","","","","","","","","","","","","","","","","","","","","","","","","","","","2.72785582854839","17.6318357527614","17.6318357228469","19.2858718365626","19.474379939001","19.5353207254962","","",
"Timor-Leste","TLS","Marine protected areas (% of territorial waters)","ER.MRN.PTMR.ZS","","","","","","","","","","","","","","","","","","","","","","","","","","","","","","","","","","","","","","","","","","","","","","","","","","","","","","","","","1.374075617","1.3743454660287","1.3743454660287","1.37165","1.37165","1.371649981","1.37165","",
"Middle East & North Africa (IDA & IBRD countries)","TMN","Marine protected areas (% of territorial waters)","ER.MRN.PTMR.ZS","","","","","","","","","","","","","","","","","","","","","","","","","","","","","","","","","","","","","","","","","","","","","","","","","","","","","","","","","1.381625914031","1.30563128087114","1.30563128087114","1.30691652816576","0.969702271945675","0.969006458206692","","",
"Tonga","TON","Marine protected areas (% of territorial waters)","ER.MRN.PTMR.ZS","","","","","","","","","","","","","","","","","","","","","","","","","","","","","","","","","","","","","","","","","","","","","","","","","","","","","","","","","1.505116498","1.50513952862475","1.50513952862475","0.058384","0.058384","0.058384005","0.058384","",
"South Asia (IDA & IBRD)","TSA","Marine protected areas (% of territorial waters)","ER.MRN.PTMR.ZS","","","","","","","","","","","","","","","","","","","","","","","","","","","","","","","","","","","","","","","","","","","","","","","","","","","","","","","","","0.457762767729621","0.458209837695856","0.457745802496206","0.457737426650748","0.457738550034444","0.511427003432637","","",
"Sub-Saharan Africa (IDA & IBRD countries)","TSS","Marine protected areas (% of territorial waters)","ER.MRN.PTMR.ZS","","","","","","","","","","","","","","","","","","","","","","","","","","","","","","","","","","","","","","","","","","","","","","","","","","","","","","","","","","","","","","","","",
"Trinidad and Tobago","TTO","Marine protected areas (% of territorial waters)","ER.MRN.PTMR.ZS","","","","","","","","","","","","","","","","","","","","","","","","","","","","","","","","","","","","","","","","","","","","","","","","","","","","","","","","","0.048813631","0.0489089122943094","0.0489089122943094","0.048909","0.048909","0.048908614","0.0489086","",
"Tunisia","TUN","Marine protected areas (% of territorial waters)","ER.MRN.PTMR.ZS","","","","","","","","","","","","","","","","","","","","","","","","","","","","","","","","","","","","","","","","","","","","","","","","","","","","","","","","","1.04","1.03551613107214","1.03551613107214","1.035521","1.035521","1.035521269","1.0355213","",
"Turkiye","TUR","Marine protected areas (% of territorial waters)","ER.MRN.PTMR.ZS","","","","","","","","","","","","","","","","","","","","","","","","","","","","","","","","","","","","","","","","","","","","","","","","","","","","","","","","","0.105499246","0.105570641629233","0.105570641629233","0.105571","0.105571","1.761303425","1.7613034","",
"Tuvalu","TUV","Marine protected areas (% of territorial waters)","ER.MRN.PTMR.ZS","","","","","","","","","","","","","","","","","","","","","","","","","","","","","","","","","","","","","","","","","","","","","","","","","","","","","","","","","0.008471103","0.00848309165420097","0.00848309165420097","0.02922","0.02922","0.029219836","0.0292198","",
"Tanzania","TZA","Marine protected areas (% of territorial waters)","ER.MRN.PTMR.ZS","","","","","","","","","","","","","","","","","","","","","","","","","","","","","","","","","","","","","","","","","","","","","","","","","","","","","","","","","2.495788254","3.01503117538247","3.01503117538247","3.015036","3.015036","3.015036106","3.0150361","",
"Uganda","UGA","Marine protected areas (% of territorial waters)","ER.MRN.PTMR.ZS","","","","","","","","","","","","","","","","","","","","","","","","","","","","","","","","","","","","","","","","","","","","","","","","","","","","","","","","","","","","","","","","",
"Ukraine","UKR","Marine protected areas (% of territorial waters)","ER.MRN.PTMR.ZS","","","","","","","","","","","","","","","","","","","","","","","","","","","","","","","","","","","","","","","","","","","","","","","","","","","","","","","","","3.415059478","3.41515562380437","3.41515562380437","3.415151","3.415151","9.239787102","9.2397871","",
"Upper middle income","UMC","Marine protected areas (% of territorial waters)","ER.MRN.PTMR.ZS","","","","","","","","","","","","","","","","","","","","","","","","","","","","","","","","","","","","","","","","","","","","","","","","","","","","","","","","","2.84807183306457","8.1352125400436","8.1352204556617","8.60455842632559","11.1686510105427","10.9796727607176","","",
"Uruguay","URY","Marine protected areas (% of territorial waters)","ER.MRN.PTMR.ZS","","","","","","","","","","","","","","","","","","","","","","","","","","","","","","","","","","","","","","","","","","","","","","","","","","","","","","","","","0.716383034","0.716039761481013","0.716039761481013","0.71604","0.752423","0.752423048","0.752423","",
"United States","USA","Marine protected areas (% of territorial waters)","ER.MRN.PTMR.ZS","","","","","","","","","","","","","","","","","","","","","","","","","","","","","","","","","","","","","","","","","","","","","","","","","","","","","","","","","41.08291724","41.0574077685482","41.0574077685482","41.05742","37.3732","19.04817963","19.0481796","",
"Uzbekistan","UZB","Marine protected areas (% of territorial waters)","ER.MRN.PTMR.ZS","","","","","","","","","","","","","","","","","","","","","","","","","","","","","","","","","","","","","","","","","","","","","","","","","","","","","","","","","","","","","","","","",
"St. Vincent and the Grenadines","VCT","Marine protected areas (% of territorial waters)","ER.MRN.PTMR.ZS","","","","","","","","","","","","","","","","","","","","","","","","","","","","","","","","","","","","","","","","","","","","","","","","","","","","","","","","","0.219112649","0.220097096415405","0.220097096415405","0.220098","0.220098","0.220097497","0.2200975","",
"Venezuela, RB","VEN","Marine protected areas (% of territorial waters)","ER.MRN.PTMR.ZS","","","","","","","","","","","","","","","","","","","","","","","","","","","","","","","","","","","","","","","","","","","","","","","","","","","","","","","","","3.485976129","3.48596490918941","3.48596490918941","3.485964","4.349998","4.349997997","4.3506241","",
"British Virgin Islands","VGB","Marine protected areas (% of territorial waters)","ER.MRN.PTMR.ZS","","","","","","","","","","","","","","","","","","","","","","","","","","","","","","","","","","","","","","","","","","","","","","","","","","","","","","","","","0.055880143","0.00411569575364715","0.00411569575364715","0.004116","0.004116","0.004115671","0.0041157","",
"Virgin Islands (U.S.)","VIR","Marine protected areas (% of territorial waters)","ER.MRN.PTMR.ZS","","","","","","","","","","","","","","","","","","","","","","","","","","","","","","","","","","","","","","","","","","","","","","","","","","","","","","","","","0.849285185","0.850065911232453","0.850065911232453","0.85006","0.490335","0.852163732","0.8521637","",
"Viet Nam","VNM","Marine protected areas (% of territorial waters)","ER.MRN.PTMR.ZS","","","","","","","","","","","","","","","","","","","","","","","","","","","","","","","","","","","","","","","","","","","","","","","","","","","","","","","","","0.560849723","0.560890835455187","0.560890835455187","0.560891","0.560891","0.560890615","0.5608906","",
"Vanuatu","VUT","Marine protected areas (% of territorial waters)","ER.MRN.PTMR.ZS","","","","","","","","","","","","","","","","","","","","","","","","","","","","","","","","","","","","","","","","","","","","","","","","","","","","","","","","","0.007716134","0.00763734601990884","0.00763734601990884","0.007637","0.007637","0.007637343","0.0076373","",
"World","WLD","Marine protected areas (% of territorial waters)","ER.MRN.PTMR.ZS","","","","","","","","","","","","","","","","","","","","","","","","","","","","","","","","","","","","","","","","","","","","","","","","","","","","","","","","","8.75107866313638","11.4656904862444","11.4505571537845","11.9887317866245","13.310388971825","11.9176421417252","","",
"Samoa","WSM","Marine protected areas (% of territorial waters)","ER.MRN.PTMR.ZS","","","","","","","","","","","","","","","","","","","","","","","","","","","","","","","","","","","","","","","","","","","","","","","","","","","","","","","","","0.085408327","0.0868040515315485","0.0868040515315485","0.086804","0.144013","0.144013375","0.1440134","",
"Kosovo","XKX","Marine protected areas (% of territorial waters)","ER.MRN.PTMR.ZS","","","","","","","","","","","","","","","","","","","","","","","","","","","","","","","","","","","","","","","","","","","","","","","","","","","","","","","","","","","","","","","","",
"Yemen, Rep.","YEM","Marine protected areas (% of territorial waters)","ER.MRN.PTMR.ZS","","","","","","","","","","","","","","","","","","","","","","","","","","","","","","","","","","","","","","","","","","","","","","","","","","","","","","","","","0.467506305","0.46757350017511","0.46757350017511","0.467573","0.467573","0.467573524","0.4675735","",
"South Africa","ZAF","Marine protected areas (% of territorial waters)","ER.MRN.PTMR.ZS","","","","","","","","","","","","","","","","","","","","","","","","","","","","","","","","","","","","","","","","","","","","","","","","","","","","","","","","","12.07881781","12.0564621192386","12.0564621192386","14.5628","15.45991","15.49616146","15.4969616","",
"Zambia","ZMB","Marine protected areas (% of territorial waters)","ER.MRN.PTMR.ZS","","","","","","","","","","","","","","","","","","","","","","","","","","","","","","","","","","","","","","","","","","","","","","","","","","","","","","","","","","","","","","","","",
"Zimbabwe","ZWE","Marine protected areas (% of territorial waters)","ER.MRN.PTMR.ZS","","","","","","","","","","","","","","","","","","","","","","","","","","","","","","","","","","","","","","","","","","","","","","","","","","","","","","","","","","","","","","","","",
